"177","01/28/2013","Abington","12345","TH","19.42","CJM","9.71","JR","4.86"
"178","01/28/2013","Acton","12346","TH","19.62","CJM","9.81","JR","4.90"
"179","01/28/2013","Acushnet","12347","TH","19.81","CJM","9.91","JR","4.95"
"180","01/28/2013","Adams","12348","TH","20.00","CJM","10.00","JR","5.00"
"181","01/28/2013","Agawam","12349","TH","20.19","CJM","10.10","JR","5.05"
"182","01/28/2013","Andover","12353","TH","20.96","CJM","10.48","JR","5.24"
"183","01/28/2013","Ashfield","12358","TH","21.92","CJM","10.96","JR","5.48"
"184","01/28/2013","Avon","12363","TH","22.89","CJM","11.44","JR","5.72"
"185","01/28/2013","Bedford","12368","TH","23.85","CJM","11.92","JR","5.96"
"186","01/28/2013","Berlin","12372","TH","24.81","CJM","12.41","JR","6.20"
"187","01/28/2013","Blandford","12377","TH","1.47","CJM","0.74","JR","0.37","12588","TH","13.75","CJM","6.88","JR","3.44","13211","TH","0.00","CJM","0.00","JR","0.00"
"188","01/28/2013","Boxford","12593","TH","26.73","CJM","13.37","JR","6.68"
"189","01/28/2013","Brimfield","12387","TH","27.69","CJM","13.85","JR","6.92"
"190","01/28/2013","Burlington","12392","TH","28.66","CJM","14.33","JR","7.16"
"191","01/28/2013","Charlemont","12608","TH","29.62","CJM","14.81","JR","7.40"
"192","01/28/2013","Cheshire","12401","TH","30.58","CJM","15.29","JR","7.64"
"193","01/28/2013","Clarksburg","12406","TH","31.54","CJM","15.77","JR","7.89"
"194","01/28/2013","Conway","12411","TH","32.50","CJM","16.25","JR","8.13"
"195","01/28/2013","Dedham","12416","TH","33.46","CJM","16.73","JR","8.37"

"197","01/28/2013","East.Bridgewater","12638","TH","0.00","CJM","0.00","JR","0.00","12938","TH","0.00","CJM","0.00","JR","0.00","13261","TH","0.00","CJM","0.00","JR","0.00"

"199","01/28/2013","Easton","12430","TH","36.35","CJM","18.17","JR","9.09"
"200","01/28/2013","Everett","12648","TH","37.31","CJM","18.66","JR","9.33"
"201","01/28/2013","Florida","12440","TH","38.27","CJM","19.14","JR","9.57"

"203","01/28/2013","Gosnold","12663","TH","40.19","CJM","20.10","JR","10.05"
"204","01/28/2013","Greenfield","12454","TH","41.16","CJM","20.58","JR","10.29"
"205","01/28/2013","Hamilton","12459","TH","42.12","CJM","21.06","JR","10.53"
"206","01/28/2013","Hardwick","12464","TH","43.08","CJM","21.54","JR","10.77"
"207","01/28/2013","Hawley","12679","TH","0.00","CJM","0.00","JR","0.00","12976","TH","23.62","CJM","11.81","JR","5.91"
"208","01/28/2013","Holden","12473","TH","45.00","CJM","22.50","JR","11.25"
"209","01/28/2013","Hopkinton","12478","TH","45.96","CJM","22.98","JR","11.49"
"210","01/28/2013","Ipswich","12483","TH","46.92","CJM","23.46","JR","11.73"
"211","01/28/2013","Lawrence","13326","TH","0.00","CJM","0.00","JR","0.00"
"212","01/28/2013","Leverett","12492","TH","48.85","CJM","24.42","JR","12.21"
"213","01/28/2013","Longmeadow","12497","TH","39.64","CJM","19.82","JR","9.91","13005","TH","10.17","CJM","5.09","JR","2.54"
"214","01/28/2013","Lynnfield","13010","TH","50.77","CJM","25.39","JR","12.69"
"215","01/28/2013","Marion","12507","TH","51.73","CJM","25.87","JR","12.93"
"216","01/28/2013","Maynard","12512","TH","52.69","CJM","26.35","JR","13.17"
"217","01/28/2013","Mendon","12516","TH","53.66","CJM","26.83","JR","13.41"
"218","01/28/2013","Middleton","12521","TH","54.62","CJM","27.31","JR","13.65"
"219","01/28/2013","Milton","12526","TH","45.80","CJM","22.90","JR","11.45","13035","TH","9.78","CJM","4.89","JR","2.45"
"220","01/28/2013","Montgomery","12531","TH","56.54","CJM","28.27","JR","14.14"
"221","01/28/2013","Needham","12536","TH","25.01","CJM","12.50","JR","6.25","13376","TH","0.00","CJM","0.00","JR","0.00"
"222","01/28/2013","New Salem","13049","TH","58.46","CJM","29.23","JR","14.62"
"223","01/28/2013","North.Adams","12739","TH","0.00","CJM","0.00","JR","0.00","13054","TH","0.00","CJM","0.00","JR","0.00","13386","TH","0.00","CJM","0.00","JR","0.00"
"224","01/28/2013","North.Andover","12546","TH","47.78","CJM","23.89","JR","11.95"
"225","01/28/2013","Northampton","12550","TH","22.80","CJM","11.40","JR","5.70","13059","TH","33.65","CJM","16.83","JR","8.41","14083","TH","0.00","CJM","0.00","JR","0.00"
"226","01/28/2013","Norwell","13064","TH","61.35","CJM","30.67","JR","15.34"
"227","01/28/2013","Orleans","12751","TH","62.31","CJM","31.16","JR","15.58"
"228","01/28/2013","Peabody","12553","TH","59.37","CJM","29.69","JR","14.84","12755","TH","3.90","CJM","1.95","JR","0.98"
"229","01/28/2013","Petersham","12760","TH","64.23","CJM","32.12","JR","16.06"
"230","01/28/2013","Plymouth","12765","TH","65.19","CJM","32.60","JR","16.30"
"231","01/28/2013","Randolph","12770","TH","45.78","CJM","22.89","JR","11.44"
"232","01/28/2013","Richmond","12775","TH","67.12","CJM","33.56","JR","16.78"
"233","01/28/2013","Rowley","12779","TH","24.99","CJM","12.50","JR","6.25","13097","TH","43.08","CJM","21.54","JR","10.77"
"234","01/28/2013","Salisbury","13102","TH","69.04","CJM","34.52","JR","17.26"
"235","01/28/2013","Scituate","12789","TH","70.00","CJM","35.00","JR","17.50"
"236","01/28/2013","Sherborn","12794","TH","70.96","CJM","35.48","JR","17.74"
"237","01/28/2013","Somerville","13792","TH","0.00","CJM","0.00","JR","0.00"
"238","01/28/2013","Southwick","12803","TH","43.64","CJM","21.82","JR","10.91"
"239","01/28/2013","Stoneham","12808","TH","73.85","CJM","36.92","JR","18.46"
"240","01/28/2013","Sunderland","12813","TH","65.98","CJM","32.99","JR","16.49","13131","TH","8.83","CJM","4.42","JR","2.21"
"241","01/28/2013","Templeton","12818","TH","75.77","CJM","37.89","JR","18.94"
"242","01/28/2013","Townsend","12823","TH","44.96","CJM","22.48","JR","11.24","13817","TH","0.00","CJM","0.00","JR","0.00"
"243","01/28/2013","Uxbridge","12827","TH","77.69","CJM","38.85","JR","19.42"
"244","01/28/2013","Ware","12832","TH","24.98","CJM","12.49","JR","6.25","13149","TH","53.67","CJM","26.84","JR","13.42"
"245","01/28/2013","Watertown","12837","TH","0.00","CJM","0.00","JR","0.00","13154","TH","19.04","CJM","9.52","JR","4.76"
"246","01/28/2013","Wendell","12842","TH","80.58","CJM","40.29","JR","20.14"
"247","01/28/2013","West.Boylston","12844","TH","69.52","CJM","34.76","JR","17.38","13161","TH","6.43","CJM","3.22","JR","1.61"

"249","01/28/2013","West.Newbury","12847","TH","81.54","CJM","40.77","JR","20.39"
"250","01/28/2013","Westfield","13168","TH","71.93","CJM","35.96","JR","17.98","13847","TH","0.00","CJM","0.00","JR","0.00"
"251","01/28/2013","Westport","12856","TH","83.46","CJM","41.73","JR","20.87"
"252","01/28/2013","Wilbraham","12861","TH","79.47","CJM","39.74","JR","19.87","13507","TH","4.96","CJM","2.48","JR","1.24"
"253","01/28/2013","Winchester","12866","TH","65.95","CJM","32.97","JR","16.49","13512","TH","19.44","CJM","9.72","JR","4.86"
"254","01/28/2013","Worthington","12871","TH","86.35","CJM","43.17","JR","21.59"
"256","01/28/2013","East.Brookfield","12639","TH","1.20","CJM","0.60","JR","0.30"

"260","01/28/2013","West.Bridgewater","12845","TH","2.50","CJM","1.25","JR","0.63"
"309","01/28/2013","Hadley","12457","TH","5.96","CJM","2.98","JR","1.49"
"310","01/28/2013","Halifax","12458","TH","6.16","CJM","3.08","JR","1.54"
"312","02/27/2013","Agawam","12559","TH","3.38","CJM","1.69","JR","0.85"
"326","02/27/2013","East.Longmeadow","12640","TH","23.06","CJM","11.53","JR","5.76"
"335","02/27/2013","Holyoke","12686","TH","0.00","CJM","0.00","JR","0.00"
"337","02/27/2013","Huntington","12690","TH","0.00","CJM","0.00","JR","0.00"
"340","02/27/2013","Ludlow","12703","TH","0.00","CJM","0.00","JR","0.00"
"342","02/27/2013","Monson","12727","TH","0.00","CJM","0.00","JR","0.00"
"345","02/27/2013","Palmer","12753","TH","4.81","CJM","2.41","JR","1.20"
"353","02/27/2013","Warren","12834","TH","4.81","CJM","2.41","JR","1.20"
"358","02/27/2013","West.Brookfield","12846","TH","4.81","CJM","2.41","JR","1.20"
"362","02/27/2013","West.Tisbury","12849","TH","81.16","CJM","40.58","JR","20.29"
"368","02/27/2013","Adams","12558","TH","3.39","CJM","1.69","JR","0.85"
"370","02/27/2013","Becket","12577","TH","4.76","CJM","2.38","JR","1.19"
"373","02/27/2013","Cheshire","12613","TH","4.38","CJM","2.19","JR","1.10"
"375","02/27/2013","Dalton","12625","TH","4.45","CJM","2.22","JR","1.11"
"377","02/27/2013","Great Barrington","12667","TH","4.53","CJM","2.26","JR","1.13"
"381","02/27/2013","Peru","12759","TH","4.81","CJM","2.41","JR","1.20"
"387","02/27/2013","New Marlborough","12735","TH","0.00","CJM","0.00","JR","0.00"
"391","02/27/2013","North.Reading","12742","TH","0.00","CJM","0.00","JR","0.00"
"403","02/27/2013","Williamstown","12863","TH","4.81","CJM","2.41","JR","1.20"
"447","02/27/2013","Berlin","12583","TH","0.00","CJM","0.00","JR","0.00"
"453","02/27/2013","Clinton","12619","TH","4.81","CJM","2.41","JR","1.20"
"464","02/27/2013","Rutland","12782","TH","4.81","CJM","2.41","JR","1.20"
"470","02/27/2013","Sturbridge","12811","TH","4.81","CJM","2.41","JR","1.20"
"480","02/27/2013","Framingham","12655","TH","4.62","CJM","2.31","JR","1.16"
"483","02/27/2013","Acton","12556","TH","4.12","CJM","2.06","JR","1.03"
"487","02/27/2013","Bolton","12589","TH","4.49","CJM","2.25","JR","1.12"
"496","02/27/2013","Mendon","12718","TH","0.00","CJM","0.00","JR","0.00"
"498","02/27/2013","Milford","12723","TH","0.00","CJM","0.00","JR","0.00"
"501","02/27/2013","Sherborn","12794","TH","4.81","CJM","2.41","JR","1.20"
"521","02/27/2013","Wakefield","12828","TH","4.81","CJM","2.41","JR","1.20"
"534","02/27/2013","Gloucester","12661","TH","4.06","CJM","2.03","JR","1.01"
"536","02/27/2013","Hamilton","12672","TH","0.00","CJM","0.00","JR","0.00"
"556","02/27/2013","Mansfield","12708","TH","0.00","CJM","0.00","JR","0.00"
"563","02/27/2013","Westwood","12857","TH","4.81","CJM","2.41","JR","1.20"
"575","02/27/2013","Braintree","12595","TH","4.06","CJM","2.03","JR","1.01"
"580","02/27/2013","Carver","12607","TH","3.96","CJM","1.98","JR","0.99"
"582","02/27/2013","Duxbury","12637","TH","4.81","CJM","2.41","JR","1.20"
"584","02/27/2013","Easton","12643","TH","4.68","CJM","2.34","JR","1.17"
"591","02/27/2013","Abington","12555","TH","4.41","CJM","2.20","JR","1.10"
"594","02/27/2013","Plymouth","12765","TH","4.81","CJM","2.41","JR","1.20"
"599","02/27/2013","Rockland","12776","TH","4.81","CJM","2.41","JR","1.20"
"602","02/27/2013","Lexington","12699","TH","0.00","CJM","0.00","JR","0.00"
"604","02/27/2013","Brookline","12601","TH","4.53","CJM","2.26","JR","1.13"
"609","02/27/2013","Arlington","12565","TH","0.00","CJM","0.00","JR","0.00"
"612","02/27/2013","Wellesley","12840","TH","4.81","CJM","2.41","JR","1.20"
"620","02/27/2013","Oak Bluffs","12748","TH","4.81","CJM","2.41","JR","1.20"
"634","02/27/2013","Attleboro","12571","TH","4.81","CJM","2.41","JR","1.20"
"638","02/27/2013","Dighton","12631","TH","0.00","CJM","0.00","JR","0.00"
"640","02/27/2013","Fairhaven","12649","TH","0.00","CJM","0.00","JR","0.00"
"645","02/27/2013","Mattapoisett","12713","TH","0.00","CJM","0.00","JR","0.00"
"648","02/27/2013","Acushnet","12557","TH","3.85","CJM","1.92","JR","0.96"
"652","02/27/2013","Raynham","12771","TH","4.81","CJM","2.41","JR","1.20"
"657","02/27/2013","Taunton","12817","TH","4.81","CJM","2.41","JR","1.20"
"664","02/28/2013","Abington","12345","TH","4.86","CJM","2.43","JR","1.22","12555","TH","14.56","CJM","7.28","JR","3.64"
"665","02/28/2013","Acton","12346","TH","19.62","CJM","9.81","JR","4.91"
"666","02/28/2013","Acushnet","12347","TH","19.81","CJM","9.91","JR","4.95"
"667","02/28/2013","Adams","12348","TH","20.00","CJM","10.00","JR","5.00"
"668","02/28/2013","Agawam","12349","TH","20.20","CJM","10.10","JR","5.05"
"669","02/28/2013","Amherst","12352","TH","20.77","CJM","10.39","JR","5.19"
"670","02/28/2013","Ashby","12357","TH","21.73","CJM","10.87","JR","5.43"
"671","02/28/2013","Auburn","12362","TH","22.70","CJM","11.35","JR","5.67"
"672","02/28/2013","Becket","12367","TH","12.01","CJM","6.00","JR","3.00","12577","TH","11.65","CJM","5.83","JR","2.91"
"673","02/28/2013","Berkley","12582","TH","24.62","CJM","12.31","JR","6.16"
"674","02/28/2013","Blackstone","12376","TH","25.58","CJM","12.79","JR","6.40"
"675","02/28/2013","Boxborough","12381","TH","26.54","CJM","13.27","JR","6.64"
"676","02/28/2013","Bridgewater","12597","TH","27.50","CJM","13.75","JR","6.88"
"677","02/28/2013","Buckland","12391","TH","28.47","CJM","14.23","JR","7.12"
"678","02/28/2013","Carver","12395","TH","29.43","CJM","14.71","JR","7.36"
"679","02/28/2013","Chelsea","12400","TH","30.39","CJM","15.19","JR","7.60"
"680","02/28/2013","Chilmark","12405","TH","31.35","CJM","15.68","JR","7.84"
"681","02/28/2013","Concord","12410","TH","32.31","CJM","16.16","JR","8.08"
"682","02/28/2013","Dartmouth","12415","TH","33.27","CJM","16.64","JR","8.32"

"684","02/28/2013","Duxbury","12637","TH","35.20","CJM","17.60","JR","8.80"
"685","02/28/2013","East.Bridgewater","13261","TH","0.00","CJM","0.00","JR","0.00"

"687","02/28/2013","Easthampton","12429","TH","27.06","CJM","13.53","JR","6.77","12642","TH","0.00","CJM","0.00","JR","0.00","13265","TH","0.00","CJM","0.00","JR","0.00"
"688","02/28/2013","Essex","12434","TH","37.12","CJM","18.56","JR","9.28"
"689","02/28/2013","Fitchburg","12652","TH","38.08","CJM","19.04","JR","9.52"

"691","02/28/2013","Goshen","12448","TH","40.00","CJM","20.00","JR","10.00"
"692","02/28/2013","Great Barrington","12453","TH","40.97","CJM","20.48","JR","10.24"
"693","02/28/2013","Halifax","12458","TH","41.93","CJM","20.96","JR","10.48"
"694","02/28/2013","Hanson","12463","TH","42.89","CJM","21.44","JR","10.72"
"695","02/28/2013","Haverhill","12975","TH","0.00","CJM","0.00","JR","0.00","13305","TH","0.00","CJM","0.00","JR","0.00"
"696","02/28/2013","Holbrook","12472","TH","24.75","CJM","12.38","JR","6.19","12682","TH","0.00","CJM","0.00","JR","0.00","12980","TH","19.95","CJM","9.98","JR","4.99"
"697","02/28/2013","Hopedale","12985","TH","19.04","CJM","9.52","JR","4.76"
"698","02/28/2013","Huntington","12482","TH","46.73","CJM","23.37","JR","11.68"
"699","02/28/2013","Lanesborough","12487","TH","47.70","CJM","23.85","JR","11.92"
"700","02/28/2013","Leominster","12999","TH","48.66","CJM","24.33","JR","12.16"
"701","02/28/2013","Littleton","12496","TH","49.62","CJM","24.81","JR","12.41"
"702","02/28/2013","Lynn","12501","TH","50.58","CJM","25.29","JR","12.65"
"703","02/28/2013","Marblehead","12506","TH","51.54","CJM","25.77","JR","12.89"
"704","02/28/2013","Mattapoisett","12511","TH","52.50","CJM","26.25","JR","13.13"
"705","02/28/2013","Melrose","12515","TH","44.96","CJM","22.48","JR","11.24","12717","TH","0.00","CJM","0.00","JR","0.00","13024","TH","8.32","CJM","4.16","JR","2.08"
"706","02/28/2013","Middlefield","12520","TH","54.43","CJM","27.21","JR","13.61"
"707","02/28/2013","Millville","12525","TH","24.55","CJM","12.27","JR","6.14","12725","TH","0.00","CJM","0.00","JR","0.00","13034","TH","30.74","CJM","15.37","JR","7.68"
"708","02/28/2013","Monterey","13039","TH","56.35","CJM","28.18","JR","14.09"
"709","02/28/2013","Natick","12535","TH","57.31","CJM","28.66","JR","14.33"
"710","02/28/2013","New Marlborough","12539","TH","53.79","CJM","26.89","JR","13.45","13048","TH","4.49","CJM","2.24","JR","1.12"
"711","02/28/2013","Norfolk","13053","TH","59.23","CJM","29.62","JR","14.81"
"712","02/28/2013","North.Adams","13386","TH","0.00","CJM","0.00","JR","0.00"
"713","02/28/2013","North.Andover","13055","TH","59.62","CJM","29.81","JR","14.91"
"714","02/28/2013","North.Reading","12549","TH","60.20","CJM","30.10","JR","15.05"
"715","02/28/2013","Norton","12745","TH","61.16","CJM","30.58","JR","15.29"
"716","02/28/2013","Orange","12750","TH","56.51","CJM","28.26","JR","14.13","13068","TH","5.61","CJM","2.80","JR","1.40"
"717","02/28/2013","Paxton","12754","TH","63.08","CJM","31.54","JR","15.77"
"718","02/28/2013","Peru","12759","TH","39.93","CJM","19.97","JR","9.98","13077","TH","24.11","CJM","12.05","JR","6.03"
"719","02/28/2013","Plainville","12764","TH","65.00","CJM","32.50","JR","16.25"
"720","02/28/2013","Quincy","12769","TH","24.73","CJM","12.36","JR","6.18","13087","TH","41.24","CJM","20.62","JR","10.31"
"721","02/28/2013","Revere","13092","TH","66.93","CJM","33.46","JR","16.73"
"722","02/28/2013","Rowe","12778","TH","67.89","CJM","33.94","JR","16.97"
"723","02/28/2013","Salem","12783","TH","68.85","CJM","34.43","JR","17.21"
"724","02/28/2013","Savoy","13106","TH","69.81","CJM","34.91","JR","17.45"
"725","02/28/2013","Shelburne","12793","TH","70.77","CJM","35.39","JR","17.69"
"726","02/28/2013","Somerset","12798","TH","71.73","CJM","35.87","JR","17.93"
"727","02/28/2013","Southbridge","12802","TH","72.70","CJM","36.35","JR","18.17"
"728","02/28/2013","Stockbridge","12807","TH","73.66","CJM","36.83","JR","18.41"
"729","02/28/2013","Sudbury","12812","TH","44.92","CJM","22.46","JR","11.23","13130","TH","24.26","CJM","12.13","JR","6.07","13806","TH","0.00","CJM","0.00","JR","0.00"
"730","02/28/2013","Taunton","12817","TH","75.58","CJM","37.79","JR","18.90"
"731","02/28/2013","Topsfield","12822","TH","24.28","CJM","12.14","JR","6.07","13140","TH","52.26","CJM","26.13","JR","13.06"
"732","02/28/2013","Upton","13144","TH","77.50","CJM","38.75","JR","19.38"
"733","02/28/2013","Waltham","12831","TH","78.47","CJM","39.23","JR","19.62"
"734","02/28/2013","Washington","12836","TH","79.43","CJM","39.71","JR","19.86"
"735","02/28/2013","Wellfleet","13158","TH","80.39","CJM","40.19","JR","20.10"
"736","02/28/2013","West.Boylston","13161","TH","31.49","CJM","15.74","JR","7.87","13839","TH","0.00","CJM","0.00","JR","0.00"

"738","02/28/2013","West.Brookfield","12846","TH","81.35","CJM","40.68","JR","20.34"
"739","02/28/2013","Westborough","12850","TH","82.31","CJM","41.16","JR","20.58"
"740","02/28/2013","Weston","12855","TH","83.27","CJM","41.64","JR","20.82"
"741","02/28/2013","Whitman","12860","TH","84.23","CJM","42.12","JR","21.06"
"742","02/28/2013","Winchendon","12865","TH","44.89","CJM","22.45","JR","11.22","13511","TH","24.25","CJM","12.12","JR","6.06","13861","TH","0.00","CJM","0.00","JR","0.00"
"743","02/28/2013","Worcester","12870","TH","86.16","CJM","43.08","JR","21.54"
"745","02/28/2013","East.Brookfield","12939","TH","0.00","CJM","0.00","JR","0.00"
"747","02/28/2013","North.Andover","13055","TH","2.31","CJM","1.16","JR","0.58"
"749","02/28/2013","West.Bridgewater","13162","TH","2.50","CJM","1.25","JR","0.63"
"798","02/28/2013","Hadley","12457","TH","5.97","CJM","2.98","JR","1.49"
"799","02/28/2013","Halifax","12458","TH","6.16","CJM","3.08","JR","1.54"
"801","03/27/2013","Agawam","12877","TH","0.00","CJM","0.00","JR","0.00"
"806","03/27/2013","Barre","12892","TH","0.00","CJM","0.00","JR","0.00"
"811","03/27/2013","Cummington","12929","TH","0.00","CJM","0.00","JR","0.00"
"814","03/27/2013","East.Longmeadow","12940","TH","0.00","CJM","0.00","JR","0.00"
"820","03/27/2013","Granville","12959","TH","0.00","CJM","0.00","JR","0.00"
"826","03/27/2013","Holyoke","12984","TH","4.10","CJM","2.05","JR","1.02"
"828","03/27/2013","Huntington","12990","TH","0.00","CJM","0.00","JR","0.00"
"830","03/27/2013","Leverett","13000","TH","0.00","CJM","0.00","JR","0.00"
"832","03/27/2013","Ludlow","13007","TH","0.00","CJM","0.00","JR","0.00"
"834","03/27/2013","Monson","13037","TH","3.78","CJM","1.89","JR","0.95"
"839","03/27/2013","Russell","13099","TH","4.81","CJM","2.41","JR","1.20"
"852","03/27/2013","West.Bridgewater","13162","TH","4.81","CJM","2.41","JR","1.20"
"854","03/27/2013","West.Tisbury","13166","TH","81.16","CJM","40.58","JR","20.29"
"856","03/27/2013","Springfield","13123","TH","4.81","CJM","2.41","JR","1.20"
"860","03/27/2013","Adams","12876","TH","0.00","CJM","0.00","JR","0.00"
"869","03/27/2013","Lanesborough","12995","TH","4.80","CJM","2.40","JR","1.20"
"874","03/27/2013","New Marlborough","13048","TH","4.58","CJM","2.29","JR","1.15"
"880","03/27/2013","North.Reading","13058","TH","13.08","CJM","6.54","JR","3.27"
"883","03/27/2013","Clarksburg","12924","TH","0.00","CJM","0.00","JR","0.00"
"887","03/27/2013","Savoy","13106","TH","4.81","CJM","2.41","JR","1.20"
"896","03/27/2013","Athol","12888","TH","0.00","CJM","0.00","JR","0.00"
"906","03/27/2013","Heath","12977","TH","4.10","CJM","2.05","JR","1.02"
"908","03/27/2013","Monroe","13036","TH","4.56","CJM","2.28","JR","1.14"
"911","03/27/2013","Gill","12954","TH","0.00","CJM","0.00","JR","0.00"
"918","03/27/2013","Shelburne","13111","TH","4.81","CJM","2.41","JR","1.20"
"928","03/27/2013","Harvard","12972","TH","4.81","CJM","2.41","JR","1.20"
"934","03/27/2013","Pepperell","13076","TH","4.81","CJM","2.41","JR","1.20"
"939","03/27/2013","Berlin","12896","TH","0.00","CJM","0.00","JR","0.00"
"942","03/27/2013","Boylston","12904","TH","0.00","CJM","0.00","JR","0.00"
"944","03/27/2013","Brookfield","12909","TH","0.00","CJM","0.00","JR","0.00"
"954","03/27/2013","New Braintree","13047","TH","4.81","CJM","2.41","JR","1.20"
"956","03/27/2013","Northborough","13060","TH","4.81","CJM","2.41","JR","1.20"
"959","03/27/2013","Oxford","13070","TH","4.81","CJM","2.41","JR","1.20"
"964","03/27/2013","Spencer","13122","TH","4.81","CJM","2.41","JR","1.20"
"968","03/27/2013","Webster","13156","TH","4.81","CJM","2.41","JR","1.20"
"971","03/27/2013","Westborough","13167","TH","4.81","CJM","2.41","JR","1.20"
"978","03/27/2013","Acton","12874","TH","0.00","CJM","0.00","JR","0.00"
"983","03/27/2013","Carlisle","12914","TH","0.00","CJM","0.00","JR","0.00"
"986","03/27/2013","Holliston","12983","TH","4.32","CJM","2.16","JR","1.08"
"993","03/27/2013","Mendon","13025","TH","4.71","CJM","2.36","JR","1.18"
"995","03/27/2013","Milford","13031","TH","3.31","CJM","1.65","JR","0.83"
"1006","03/27/2013","Dunstable","12937","TH","0.00","CJM","0.00","JR","0.00"
"1011","03/27/2013","Lowell","13006","TH","4.81","CJM","2.41","JR","1.20"
"1019","03/27/2013","Saugus","13105","TH","4.81","CJM","2.41","JR","1.20"
"1022","03/27/2013","Nahant","13042","TH","4.81","CJM","2.41","JR","1.20"
"1027","03/27/2013","Hamilton","12966","TH","3.52","CJM","1.76","JR","0.88"
"1031","03/27/2013","Manchester-by-the-Sea","13012","TH","4.72","CJM","2.36","JR","1.18"
"1034","03/27/2013","Middleton","13030","TH","4.37","CJM","2.18","JR","1.09"
"1043","03/27/2013","Topsfield","13140","TH","4.81","CJM","2.41","JR","1.20"
"1052","03/27/2013","Hingham","12978","TH","4.81","CJM","2.41","JR","1.20"
"1054","03/27/2013","Hull","12989","TH","4.81","CJM","2.41","JR","1.20"
"1056","03/27/2013","Mansfield","13013","TH","4.45","CJM","2.22","JR","1.11"
"1062","03/27/2013","Norfolk","13053","TH","4.81","CJM","2.41","JR","1.20"
"1070","03/27/2013","Chelsea","12919","TH","0.00","CJM","0.00","JR","0.00"
"1075","03/27/2013","Melrose","13024","TH","4.81","CJM","2.41","JR","1.20"
"1085","03/27/2013","Halifax","12965","TH","4.34","CJM","2.17","JR","1.08"
"1092","03/27/2013","Abington","12873","TH","0.00","CJM","0.00","JR","0.00"
"1097","03/27/2013","Randolph","13088","TH","4.81","CJM","2.41","JR","1.20"
"1100","03/27/2013","Lexington","13001","TH","4.23","CJM","2.12","JR","1.06"
"1105","03/27/2013","Arlington","12883","TH","0.00","CJM","0.00","JR","0.00"
"1114","03/27/2013","Nantucket","13043","TH","4.81","CJM","2.41","JR","1.20"
"1119","03/27/2013","Wareham","13150","TH","4.81","CJM","2.41","JR","1.20"
"1124","03/27/2013","Mashpee","13018","TH","0.00","CJM","0.00","JR","0.00"
"1130","03/27/2013","Dighton","12933","TH","0.00","CJM","0.00","JR","0.00"
"1132","03/27/2013","Fairhaven","12946","TH","0.00","CJM","0.00","JR","0.00"
"1137","03/27/2013","Mattapoisett","13019","TH","0.00","CJM","0.00","JR","0.00"
"1140","03/27/2013","Acushnet","12875","TH","0.00","CJM","0.00","JR","0.00"
"1145","03/27/2013","Rochester","13093","TH","4.81","CJM","2.41","JR","1.20"
"1148","03/27/2013","Swansea","13134","TH","4.81","CJM","2.41","JR","1.20"
"1150","03/27/2013","Westport","13173","TH","4.81","CJM","2.41","JR","1.20"
"1156","03/28/2013","Abington","12555","TH","19.43","CJM","9.71","JR","4.86"
"1157","03/28/2013","Acton","12346","TH","6.78","CJM","3.39","JR","1.69","12556","TH","12.84","CJM","6.42","JR","3.21"
"1158","03/28/2013","Acushnet","12347","TH","19.81","CJM","9.91","JR","4.95"
"1159","03/28/2013","Adams","12348","TH","20.01","CJM","10.00","JR","5.00"
"1160","03/28/2013","Agawam","12349","TH","20.20","CJM","10.10","JR","5.05"
"1161","03/28/2013","Amesbury","12351","TH","20.58","CJM","10.29","JR","5.15"
"1162","03/28/2013","Ashburnham","12356","TH","21.54","CJM","10.77","JR","5.39"
"1163","03/28/2013","Attleboro","12571","TH","22.51","CJM","11.25","JR","5.63"
"1164","03/28/2013","Barre","12366","TH","9.00","CJM","4.50","JR","2.25","12576","TH","0.00","CJM","0.00","JR","0.00","13199","TH","0.00","CJM","0.00","JR","0.00"
"1165","03/28/2013","Belmont","12370","TH","24.43","CJM","12.21","JR","6.11"
"1166","03/28/2013","Billerica","12586","TH","25.39","CJM","12.70","JR","6.35"
"1167","03/28/2013","Bourne","12380","TH","26.35","CJM","13.18","JR","6.59"
"1168","03/28/2013","Brewster","12385","TH","27.31","CJM","13.66","JR","6.83"
"1169","03/28/2013","Brookline","12390","TH","28.28","CJM","14.14","JR","7.07"
"1170","03/28/2013","Carlisle","12394","TH","29.24","CJM","14.62","JR","7.31"
"1171","03/28/2013","Chelmsford","12399","TH","30.20","CJM","15.10","JR","7.55"
"1172","03/28/2013","Chicopee","12404","TH","31.16","CJM","15.58","JR","7.79"
"1173","03/28/2013","Colrain","12409","TH","25.22","CJM","12.61","JR","6.30","12621","TH","6.80","CJM","3.40","JR","1.70"
"1174","03/28/2013","Danvers","12626","TH","33.08","CJM","16.54","JR","8.27"

"1176","03/28/2013","Dunstable","12423","TH","35.01","CJM","17.50","JR","8.75"
"1177","03/28/2013","East.Bridgewater","13261","TH","0.00","CJM","0.00","JR","0.00"
"1178","03/28/2013","East.Brookfield","13262","TH","0.00","CJM","0.00","JR","0.00"
"1179","03/28/2013","Eastham","12641","TH","35.97","CJM","17.98","JR","8.99"
"1180","03/28/2013","Erving","12433","TH","36.93","CJM","18.47","JR","9.23"
"1181","03/28/2013","Falmouth","12438","TH","37.89","CJM","18.95","JR","9.47"

"1183","03/28/2013","Gloucester","12447","TH","39.81","CJM","19.91","JR","9.95"
"1184","03/28/2013","Granville","12452","TH","40.77","CJM","20.39","JR","10.19"
"1185","03/28/2013","Hadley","12457","TH","41.74","CJM","20.87","JR","10.43"
"1186","03/28/2013","Hanover","12462","TH","25.20","CJM","12.60","JR","6.30","12674","TH","0.00","CJM","0.00","JR","0.00","12969","TH","17.29","CJM","8.65","JR","4.32"
"1187","03/28/2013","Hatfield","13304","TH","0.00","CJM","0.00","JR","0.00"
"1188","03/28/2013","Hinsdale","12471","TH","44.62","CJM","22.31","JR","11.16"
"1189","03/28/2013","Holyoke","12476","TH","45.58","CJM","22.79","JR","11.40"
"1190","03/28/2013","Hull","12989","TH","46.54","CJM","23.27","JR","11.64"
"1191","03/28/2013","Lancaster","12486","TH","47.51","CJM","23.75","JR","11.88"
"1192","03/28/2013","Lenox","12490","TH","48.47","CJM","24.23","JR","12.12"
"1193","03/28/2013","Lincoln","12495","TH","49.43","CJM","24.71","JR","12.36"
"1194","03/28/2013","Lunenburg","12500","TH","50.39","CJM","25.20","JR","12.60"
"1195","03/28/2013","Mansfield","12505","TH","44.91","CJM","22.46","JR","11.23","13013","TH","6.44","CJM","3.22","JR","1.61"
"1196","03/28/2013","Mashpee","12510","TH","52.31","CJM","26.16","JR","13.08"
"1197","03/28/2013","Medway","12514","TH","24.28","CJM","12.14","JR","6.07","12716","TH","0.00","CJM","0.00","JR","0.00","13023","TH","28.80","CJM","14.40","JR","7.20"
"1198","03/28/2013","Middleborough","13028","TH","54.24","CJM","27.12","JR","13.56"
"1199","03/28/2013","Millis","12524","TH","55.20","CJM","27.60","JR","13.80"
"1200","03/28/2013","Montague","12529","TH","56.16","CJM","28.08","JR","14.04"
"1201","03/28/2013","Nantucket","13043","TH","57.12","CJM","28.56","JR","14.28"
"1202","03/28/2013","New Braintree","13047","TH","58.08","CJM","29.04","JR","14.52"
"1203","03/28/2013","Newton","13052","TH","59.04","CJM","29.52","JR","14.76"
"1204","03/28/2013","North.Adams","13386","TH","0.00","CJM","0.00","JR","0.00"

"1206","03/28/2013","North.Brookfield","13057","TH","60.01","CJM","30.00","JR","15.00"
"1207","03/28/2013","Northfield","13062","TH","60.97","CJM","30.48","JR","15.24"
"1208","03/28/2013","Oakham","12749","TH","44.89","CJM","22.44","JR","11.22","13067","TH","14.82","CJM","7.41","JR","3.70","13399","TH","0.00","CJM","0.00","JR","0.00"
"1209","03/28/2013","Palmer","12753","TH","62.89","CJM","31.45","JR","15.72"
"1210","03/28/2013","Pepperell","13076","TH","63.85","CJM","31.93","JR","15.96"
"1211","03/28/2013","Plainfield","13081","TH","64.81","CJM","32.41","JR","16.20"
"1212","03/28/2013","Provincetown","12768","TH","65.77","CJM","32.89","JR","16.44"
"1213","03/28/2013","Rehoboth","13091","TH","66.74","CJM","33.37","JR","16.68"
"1214","03/28/2013","Rockport","13095","TH","67.70","CJM","33.85","JR","16.92"
"1215","03/28/2013","Rutland","12782","TH","2.63","CJM","1.32","JR","0.66","13100","TH","66.03","CJM","33.01","JR","16.51"
"1216","03/28/2013","Saugus","13105","TH","69.62","CJM","34.81","JR","17.41"
"1217","03/28/2013","Sheffield","12792","TH","38.43","CJM","19.22","JR","9.61","13110","TH","32.15","CJM","16.08","JR","8.04"
"1218","03/28/2013","Shutesbury","12797","TH","25.29","CJM","12.65","JR","6.32","13115","TH","46.25","CJM","23.13","JR","11.56"
"1219","03/28/2013","Southborough","12801","TH","28.79","CJM","14.39","JR","7.20","13119","TH","43.72","CJM","21.86","JR","10.93"
"1220","03/28/2013","Sterling","12806","TH","73.47","CJM","36.73","JR","18.37"
"1221","03/28/2013","Sturbridge","13129","TH","74.43","CJM","37.21","JR","18.61"
"1222","03/28/2013","Swansea","13134","TH","75.39","CJM","37.70","JR","18.85"
"1223","03/28/2013","Tolland","12821","TH","76.35","CJM","38.18","JR","19.09"
"1224","03/28/2013","Tyringham","13143","TH","77.31","CJM","38.66","JR","19.33"
"1225","03/28/2013","Walpole","13825","TH","0.00","CJM","0.00","JR","0.00"
"1226","03/28/2013","Warwick","12835","TH","13.24","CJM","6.62","JR","3.31","13152","TH","66.00","CJM","33.00","JR","16.50"
"1227","03/28/2013","Wellesley","13157","TH","80.20","CJM","40.10","JR","20.05"
"1228","03/28/2013","West.Boylston","13839","TH","0.00","CJM","0.00","JR","0.00"

"1230","03/28/2013","West.Tisbury","13166","TH","82.12","CJM","41.06","JR","20.53"
"1231","03/28/2013","Westminster","12854","TH","49.58","CJM","24.79","JR","12.39","13171","TH","27.15","CJM","13.57","JR","6.79","13850","TH","0.00","CJM","0.00","JR","0.00"
"1232","03/28/2013","Whately","12859","TH","60.72","CJM","30.36","JR","15.18","13855","TH","0.00","CJM","0.00","JR","0.00"
"1233","03/28/2013","Wilmington","12864","TH","24.24","CJM","12.12","JR","6.06","13510","TH","60.76","CJM","30.38","JR","15.19"
"1234","03/28/2013","Woburn","13515","TH","85.97","CJM","42.98","JR","21.49"
"1236","03/28/2013","East.Brookfield","13604","TH","0.00","CJM","0.00","JR","0.00"
"1238","03/28/2013","North.Andover","13387","TH","0.00","CJM","0.00","JR","0.00"
"1240","03/28/2013","West.Bridgewater","13493","TH","0.00","CJM","0.00","JR","0.00"
"1289","03/28/2013","Hadley","12457","TH","5.97","CJM","2.98","JR","1.49"
"1290","03/28/2013","Halifax","12458","TH","6.16","CJM","3.08","JR","1.54"
"1292","04/27/2013","Agawam","13182","TH","0.00","CJM","0.00","JR","0.00"
"1297","04/27/2013","Barre","13199","TH","0.00","CJM","0.00","JR","0.00"
"1300","04/27/2013","Blandford","13211","TH","0.00","CJM","0.00","JR","0.00"
"1306","04/27/2013","Cummington","13247","TH","0.00","CJM","0.00","JR","0.00"
"1308","04/27/2013","Easthampton","13265","TH","0.00","CJM","0.00","JR","0.00"
"1311","04/27/2013","East.Longmeadow","13263","TH","0.00","CJM","0.00","JR","0.00"
"1316","04/27/2013","Granby","13288","TH","0.00","CJM","0.00","JR","0.00"
"1318","04/27/2013","Granville","13289","TH","0.00","CJM","0.00","JR","0.00"
"1320","04/27/2013","Hadley","13294","TH","0.00","CJM","0.00","JR","0.00"
"1321","04/27/2013","Hadley","13294","TH","0.00","CJM","0.00","JR","0.00"
"1324","04/27/2013","Hardwick","13301","TH","0.00","CJM","0.00","JR","0.00"
"1328","04/27/2013","Huntington","13320","TH","0.00","CJM","0.00","JR","0.00"
"1330","04/27/2013","Leverett","13331","TH","0.00","CJM","0.00","JR","0.00"
"1332","04/27/2013","Ludlow","13338","TH","0.00","CJM","0.00","JR","0.00"
"1337","04/27/2013","Plainfield","13414","TH","0.00","CJM","0.00","JR","0.00"
"1342","04/27/2013","Southwick","13454","TH","0.00","CJM","0.00","JR","0.00"
"1345","04/27/2013","Ware","13481","TH","0.00","CJM","0.00","JR","0.00"
"1354","04/27/2013","West.Tisbury","13498","TH","0.00","CJM","0.00","JR","0.00"
"1356","04/27/2013","Wilbraham","13507","TH","4.81","CJM","2.41","JR","1.20"
"1358","04/27/2013","Williamsburg","13508","TH","4.81","CJM","2.41","JR","1.20"
"1362","04/27/2013","Longmeadow","13336","TH","0.00","CJM","0.00","JR","0.00"
"1365","04/27/2013","Adams","13181","TH","0.00","CJM","0.00","JR","0.00"
"1380","04/27/2013","Middlefield","13360","TH","0.00","CJM","0.00","JR","0.00"
"1384","04/27/2013","North.Adams","13386","TH","0.00","CJM","0.00","JR","0.00"
"1388","04/27/2013","North.Reading","13390","TH","0.00","CJM","0.00","JR","0.00"
"1391","04/27/2013","Clarksburg","13241","TH","0.00","CJM","0.00","JR","0.00"
"1393","04/27/2013","Florida","13276","TH","0.00","CJM","0.00","JR","0.00"
"1395","04/27/2013","Otis","13402","TH","0.00","CJM","0.00","JR","0.00"
"1397","04/27/2013","Richmond","13426","TH","0.00","CJM","0.00","JR","0.00"
"1401","04/27/2013","Sheffield","13444","TH","0.00","CJM","0.00","JR","0.00"
"1403","04/27/2013","Mount Washington","13372","TH","0.00","CJM","0.00","JR","0.00"
"1409","04/27/2013","Windsor","13513","TH","4.81","CJM","2.41","JR","1.20"
"1413","04/27/2013","Athol","13193","TH","0.00","CJM","0.00","JR","0.00"
"1420","04/27/2013","Hawley","13306","TH","0.00","CJM","0.00","JR","0.00"
"1423","04/27/2013","Conway","13246","TH","0.00","CJM","0.00","JR","0.00"
"1425","04/27/2013","Deerfield","13252","TH","0.00","CJM","0.00","JR","0.00"
"1431","04/27/2013","Gill","13283","TH","0.00","CJM","0.00","JR","0.00"
"1438","04/27/2013","Royalston","13432","TH","0.00","CJM","0.00","JR","0.00"
"1452","04/27/2013","Leominster","13330","TH","0.00","CJM","0.00","JR","0.00"
"1461","04/27/2013","Berlin","13206","TH","0.00","CJM","0.00","JR","0.00"
"1463","04/27/2013","Blackstone","13210","TH","0.00","CJM","0.00","JR","0.00"
"1465","04/27/2013","Boylston","13217","TH","0.00","CJM","0.00","JR","0.00"
"1467","04/27/2013","Brookfield","13223","TH","0.00","CJM","0.00","JR","0.00"
"1474","04/27/2013","Holland","13312","TH","0.00","CJM","0.00","JR","0.00"
"1476","04/27/2013","Lancaster","13324","TH","0.00","CJM","0.00","JR","0.00"
"1492","04/27/2013","Upton","13476","TH","0.00","CJM","0.00","JR","0.00"
"1494","04/27/2013","Uxbridge","13477","TH","0.00","CJM","0.00","JR","0.00"
"1497","04/27/2013","Dudley","13258","TH","0.00","CJM","0.00","JR","0.00"
"1503","04/27/2013","Tolland","13471","TH","0.00","CJM","0.00","JR","0.00"
"1507","04/27/2013","Acton","13179","TH","0.00","CJM","0.00","JR","0.00"
"1509","04/27/2013","Ashland","13192","TH","0.00","CJM","0.00","JR","0.00"
"1513","04/27/2013","Carlisle","13229","TH","0.00","CJM","0.00","JR","0.00"
"1519","04/27/2013","Hudson","13318","TH","0.00","CJM","0.00","JR","0.00"
"1529","04/27/2013","Stow","13461","TH","0.00","CJM","0.00","JR","0.00"
"1531","04/27/2013","Wayland","13487","TH","0.00","CJM","0.00","JR","0.00"
"1533","04/27/2013","Woburn","13515","TH","1.45","CJM","0.73","JR","0.36"
"1536","04/27/2013","Andover","13186","TH","0.00","CJM","0.00","JR","0.00"
"1539","04/27/2013","Chelmsford","13234","TH","0.00","CJM","0.00","JR","0.00"
"1542","04/27/2013","Dunstable","13259","TH","0.00","CJM","0.00","JR","0.00"
"1545","04/27/2013","Georgetown","13282","TH","0.00","CJM","0.00","JR","0.00"
"1548","04/27/2013","Lawrence","13326","TH","0.00","CJM","0.00","JR","0.00"
"1562","04/27/2013","Swampscott","13465","TH","0.00","CJM","0.00","JR","0.00"
"1566","04/27/2013","Boxford","13216","TH","0.00","CJM","0.00","JR","0.00"
"1569","04/27/2013","Essex","13270","TH","0.00","CJM","0.00","JR","0.00"
"1588","04/27/2013","Canton","13228","TH","0.00","CJM","0.00","JR","0.00"
"1593","04/27/2013","Foxborough","13277","TH","0.00","CJM","0.00","JR","0.00"
"1599","04/27/2013","Marshfield","13348","TH","0.00","CJM","0.00","JR","0.00"
"1602","04/27/2013","Medway","13354","TH","0.00","CJM","0.00","JR","0.00"
"1606","04/27/2013","Norwell","13396","TH","0.00","CJM","0.00","JR","0.00"
"1608","04/27/2013","Norwood","13397","TH","0.00","CJM","0.00","JR","0.00"
"1612","04/27/2013","Stoughton","13460","TH","0.00","CJM","0.00","JR","0.00"
"1618","04/27/2013","Malden","13342","TH","0.00","CJM","0.00","JR","0.00"
"1620","04/27/2013","Everett","13271","TH","0.00","CJM","0.00","JR","0.00"
"1622","04/27/2013","Chelsea","13235","TH","0.00","CJM","0.00","JR","0.00"
"1625","04/27/2013","Winthrop","13514","TH","4.81","CJM","2.41","JR","1.20"
"1628","04/27/2013","Quincy","13420","TH","0.00","CJM","0.00","JR","0.00"
"1633","04/27/2013","Milton","13366","TH","0.00","CJM","0.00","JR","0.00"
"1636","04/27/2013","Brockton","13222","TH","0.00","CJM","0.00","JR","0.00"
"1645","04/27/2013","Hanson","13300","TH","0.00","CJM","0.00","JR","0.00"
"1650","04/27/2013","Abington","13178","TH","0.00","CJM","0.00","JR","0.00"
"1652","04/27/2013","Pembroke","13408","TH","0.00","CJM","0.00","JR","0.00"
"1663","04/27/2013","Newton","13384","TH","0.00","CJM","0.00","JR","0.00"
"1666","04/27/2013","Arlington","13188","TH","0.00","CJM","0.00","JR","0.00"
"1668","04/27/2013","Belmont","13204","TH","0.00","CJM","0.00","JR","0.00"
"1672","04/27/2013","Weston","13502","TH","0.00","CJM","0.00","JR","0.00"
"1675","04/27/2013","Chilmark","13240","TH","0.00","CJM","0.00","JR","0.00"
"1677","04/27/2013","Aquinnah","13187","TH","0.00","CJM","0.00","JR","0.00"
"1683","04/27/2013","Sandwich","13438","TH","0.00","CJM","0.00","JR","0.00"
"1687","04/27/2013","Barnstable","13198","TH","0.00","CJM","0.00","JR","0.00"
"1691","04/27/2013","Dennis","13253","TH","0.00","CJM","0.00","JR","0.00"
"1693","04/27/2013","Eastham","13264","TH","0.00","CJM","0.00","JR","0.00"
"1696","04/27/2013","Mashpee","13349","TH","0.00","CJM","0.00","JR","0.00"
"1700","04/27/2013","Yarmouth","13519","TH","4.81","CJM","2.41","JR","1.20"
"1708","04/27/2013","Dighton","13254","TH","0.00","CJM","0.00","JR","0.00"
"1710","04/27/2013","Fairhaven","13272","TH","0.00","CJM","0.00","JR","0.00"
"1713","04/27/2013","Somerset","13450","TH","0.00","CJM","0.00","JR","0.00"
"1717","04/27/2013","New Bedford","13378","TH","0.00","CJM","0.00","JR","0.00"
"1719","04/27/2013","Acushnet","13180","TH","0.00","CJM","0.00","JR","0.00"
"1721","04/27/2013","Plainville","13415","TH","0.00","CJM","0.00","JR","0.00"
"1729","04/27/2013","Berkley","13205","TH","0.00","CJM","0.00","JR","0.00"
"1737","04/28/2013","Abington","12555","TH","19.43","CJM","9.72","JR","4.86"
"1738","04/28/2013","Acton","12556","TH","6.79","CJM","3.39","JR","1.70","13179","TH","0.00","CJM","0.00","JR","0.00"
"1739","04/28/2013","Acushnet","12347","TH","6.31","CJM","3.16","JR","1.58","12557","TH","13.50","CJM","6.75","JR","3.38"
"1740","04/28/2013","Adams","12348","TH","20.01","CJM","10.00","JR","5.00"
"1741","04/28/2013","Agawam","12349","TH","20.20","CJM","10.10","JR","5.05"
"1742","04/28/2013","Alford","12560","TH","20.39","CJM","10.20","JR","5.10"
"1743","04/28/2013","Arlington","12355","TH","21.35","CJM","10.68","JR","5.34"
"1744","04/28/2013","Athol","12360","TH","22.32","CJM","11.16","JR","5.58"
"1745","04/28/2013","Barnstable","12575","TH","23.28","CJM","11.64","JR","5.82"
"1746","04/28/2013","Bellingham","12369","TH","24.24","CJM","12.12","JR","6.06"
"1747","04/28/2013","Beverly","12374","TH","25.20","CJM","12.60","JR","6.30"
"1748","04/28/2013","Boston","12379","TH","26.16","CJM","13.08","JR","6.54"
"1749","04/28/2013","Braintree","12384","TH","27.12","CJM","13.56","JR","6.78"
"1750","04/28/2013","Brookfield","12389","TH","28.08","CJM","14.04","JR","7.02"
"1751","04/28/2013","Canton","12393","TH","29.05","CJM","14.52","JR","7.26"
"1752","04/28/2013","Chatham","12398","TH","24.28","CJM","12.14","JR","6.07","12610","TH","5.62","CJM","2.81","JR","1.41"
"1753","04/28/2013","Chesterfield","12615","TH","30.97","CJM","15.49","JR","7.74"
"1754","04/28/2013","Cohasset","12408","TH","31.93","CJM","15.97","JR","7.98"
"1755","04/28/2013","Dalton","12413","TH","32.89","CJM","16.45","JR","8.22"

"1757","04/28/2013","Dudley","12422","TH","34.82","CJM","17.41","JR","8.70"
"1758","04/28/2013","East.Bridgewater","13603","TH","0.00","CJM","0.00","JR","0.00"
"1759","04/28/2013","East.Brookfield","13604","TH","0.00","CJM","0.00","JR","0.00"
"1760","04/28/2013","East.Longmeadow","12427","TH","25.87","CJM","12.94","JR","6.47","13263","TH","0.00","CJM","0.00","JR","0.00"
"1761","04/28/2013","Egremont","12432","TH","36.74","CJM","18.37","JR","9.19"
"1762","04/28/2013","Fall River","12437","TH","37.70","CJM","18.85","JR","9.43"

"1764","04/28/2013","Gill","12446","TH","39.62","CJM","19.81","JR","9.91"
"1765","04/28/2013","Granby","12451","TH","24.27","CJM","12.13","JR","6.07","12665","TH","16.22","CJM","8.11","JR","4.05"
"1766","04/28/2013","Groveland","12963","TH","41.55","CJM","20.77","JR","10.39"
"1767","04/28/2013","Hancock","12461","TH","42.51","CJM","21.25","JR","10.63"
"1768","04/28/2013","Harwich","13645","TH","0.00","CJM","0.00","JR","0.00","13995","TH","0.00","CJM","0.00","JR","0.00"
"1769","04/28/2013","Hingham","12978","TH","44.43","CJM","22.22","JR","11.11"
"1770","04/28/2013","Holliston","12475","TH","45.39","CJM","22.70","JR","11.35"
"1771","04/28/2013","Hudson","12480","TH","46.35","CJM","23.18","JR","11.59"
"1772","04/28/2013","Lakeville","12485","TH","47.32","CJM","23.66","JR","11.83"
"1773","04/28/2013","Leicester","12489","TH","48.28","CJM","24.14","JR","12.07"
"1774","04/28/2013","Leyden","12494","TH","37.91","CJM","18.96","JR","9.48","12700","TH","0.00","CJM","0.00","JR","0.00","13002","TH","11.02","CJM","5.51","JR","2.76"
"1775","04/28/2013","Ludlow","12499","TH","50.20","CJM","25.10","JR","12.55"
"1776","04/28/2013","Manchester-by-the-Sea","12504","TH","24.25","CJM","12.13","JR","6.06","12707","TH","0.00","CJM","0.00","JR","0.00","13012","TH","26.80","CJM","13.40","JR","6.70"
"1777","04/28/2013","Marshfield","13017","TH","52.12","CJM","26.06","JR","13.03"
"1778","04/28/2013","Medford","12513","TH","53.08","CJM","26.54","JR","13.27"
"1779","04/28/2013","Methuen","12518","TH","54.05","CJM","27.02","JR","13.51"
"1780","04/28/2013","Millbury","13032","TH","55.01","CJM","27.50","JR","13.75"
"1781","04/28/2013","Monson","12528","TH","55.97","CJM","27.99","JR","13.99"
"1782","04/28/2013","Nahant","13373","TH","0.00","CJM","0.00","JR","0.00"
"1783","04/28/2013","New Bedford","13046","TH","15.10","CJM","7.55","JR","3.78","13378","TH","0.00","CJM","0.00","JR","0.00"
"1784","04/28/2013","Newburyport","13051","TH","58.85","CJM","29.43","JR","14.71"
"1785","04/28/2013","North.Adams","13728","TH","0.00","CJM","0.00","JR","0.00","14078","TH","0.00","CJM","0.00","JR","0.00"

"1787","04/28/2013","North.Attleborough","13388","TH","0.00","CJM","0.00","JR","0.00"
"1788","04/28/2013","Northbridge","13393","TH","0.00","CJM","0.00","JR","0.00"
"1789","04/28/2013","Oak Bluffs","13398","TH","0.00","CJM","0.00","JR","0.00"
"1790","04/28/2013","Oxford","13403","TH","0.00","CJM","0.00","JR","0.00"
"1791","04/28/2013","Pembroke","13408","TH","0.00","CJM","0.00","JR","0.00"
"1792","04/28/2013","Pittsfield","13080","TH","64.62","CJM","32.31","JR","16.16"
"1793","04/28/2013","Princeton","13085","TH","65.58","CJM","32.79","JR","16.40"
"1794","04/28/2013","Reading","13090","TH","66.55","CJM","33.27","JR","16.64"
"1795","04/28/2013","Rockland","13094","TH","67.51","CJM","33.75","JR","16.88"
"1796","04/28/2013","Russell","12781","TH","27.01","CJM","13.51","JR","6.75","13099","TH","41.46","CJM","20.73","JR","10.36"
"1797","04/28/2013","Sandwich","13104","TH","69.43","CJM","34.72","JR","17.36"
"1798","04/28/2013","Sharon","12791","TH","9.42","CJM","4.71","JR","2.36","13109","TH","60.97","CJM","30.49","JR","15.24"
"1799","04/28/2013","Shrewsbury","12796","TH","71.35","CJM","35.68","JR","17.84"
"1800","04/28/2013","Southampton","13118","TH","72.31","CJM","36.16","JR","18.08"
"1801","04/28/2013","Springfield","13123","TH","73.28","CJM","36.64","JR","18.32"
"1802","04/28/2013","Stow","12810","TH","74.24","CJM","37.12","JR","18.56"
"1803","04/28/2013","Swampscott","13133","TH","75.20","CJM","37.60","JR","18.80"
"1804","04/28/2013","Tisbury","13138","TH","76.16","CJM","38.08","JR","19.04"
"1805","04/28/2013","Tyngsborough","12824","TH","9.92","CJM","4.96","JR","2.48","13142","TH","67.21","CJM","33.60","JR","16.80"
"1806","04/28/2013","Wales","13147","TH","78.08","CJM","39.04","JR","19.52"
"1807","04/28/2013","Warren","12834","TH","32.80","CJM","16.40","JR","8.20","13151","TH","46.25","CJM","23.12","JR","11.56"
"1808","04/28/2013","Webster","13156","TH","80.01","CJM","40.00","JR","20.00"
"1809","04/28/2013","West.Boylston","13839","TH","0.00","CJM","0.00","JR","0.00"
"1810","04/28/2013","West.Bridgewater","13840","TH","0.00","CJM","0.00","JR","0.00"
"1811","04/28/2013","West.Stockbridge","12848","TH","81.93","CJM","40.97","JR","20.48"
"1812","04/28/2013","Westhampton","12853","TH","2.76","CJM","1.38","JR","0.69","13170","TH","29.37","CJM","14.68","JR","7.34","13501","TH","0.00","CJM","0.00","JR","0.00","13849","TH","0.00","CJM","0.00","JR","0.00"
"1813","04/28/2013","Weymouth","13175","TH","83.85","CJM","41.93","JR","20.96"
"1814","04/28/2013","Williamstown","12863","TH","84.82","CJM","42.41","JR","21.20"
"1815","04/28/2013","Winthrop","13514","TH","85.78","CJM","42.89","JR","21.44"
"1816","04/28/2013","Yarmouth","13519","TH","86.74","CJM","43.37","JR","21.68"
"1818","04/28/2013","East.Brookfield","13604","TH","0.00","CJM","0.00","JR","0.00"
"1820","04/28/2013","North.Andover","13729","TH","0.00","CJM","0.00","JR","0.00"
"1822","04/28/2013","West.Bridgewater","14191","TH","0.00","CJM","0.00","JR","0.00"
"1870","04/28/2013","Hadley","12457","TH","5.97","CJM","2.99","JR","1.49"
"1871","04/28/2013","Halifax","12458","TH","6.16","CJM","3.08","JR","1.54"
"1873","05/27/2013","Agawam","13524","TH","0.00","CJM","0.00","JR","0.00"
"1876","05/27/2013","Pelham","13748","TH","0.00","CJM","0.00","JR","0.00"
"1878","05/27/2013","Amherst","13527","TH","0.00","CJM","0.00","JR","0.00"
"1883","05/27/2013","Brimfield","13563","TH","0.00","CJM","0.00","JR","0.00"
"1887","05/27/2013","Chicopee","13581","TH","0.00","CJM","0.00","JR","0.00"
"1892","05/27/2013","East.Longmeadow","13605","TH","0.00","CJM","0.00","JR","0.00"
"1899","05/27/2013","Hadley","13636","TH","0.00","CJM","0.00","JR","0.00"
"1911","05/27/2013","Plainfield","13755","TH","0.00","CJM","0.00","JR","0.00"
"1914","05/27/2013","Shutesbury","13790","TH","0.00","CJM","0.00","JR","0.00"
"1917","05/27/2013","South.Hadley","13793","TH","0.00","CJM","0.00","JR","0.00"
"1919","05/27/2013","Southwick","13797","TH","0.00","CJM","0.00","JR","0.00"
"1922","05/27/2013","Ware","13827","TH","0.00","CJM","0.00","JR","0.00"
"1925","05/27/2013","Westfield","13847","TH","0.00","CJM","0.00","JR","0.00"
"1927","05/27/2013","Montgomery","13713","TH","0.00","CJM","0.00","JR","0.00"
"1930","05/27/2013","West.Stockbridge","13844","TH","0.00","CJM","0.00","JR","0.00"
"1932","05/27/2013","West.Boylston","13839","TH","0.00","CJM","0.00","JR","0.00"
"1937","05/27/2013","West.Tisbury","13845","TH","0.00","CJM","0.00","JR","0.00"
"1944","05/27/2013","Longmeadow","13678","TH","0.00","CJM","0.00","JR","0.00"
"1946","05/27/2013","Pittsfield","13754","TH","0.00","CJM","0.00","JR","0.00"
"1948","05/27/2013","Adams","13523","TH","0.00","CJM","0.00","JR","0.00"
"1960","05/27/2013","New Ashford","13719","TH","0.00","CJM","0.00","JR","0.00"
"1963","05/27/2013","Lenox","13671","TH","0.00","CJM","0.00","JR","0.00"
"1969","05/27/2013","North.Brookfield","13731","TH","0.00","CJM","0.00","JR","0.00"
"1972","05/27/2013","North.Reading","13732","TH","0.00","CJM","0.00","JR","0.00"
"1977","05/27/2013","Otis","13743","TH","0.00","CJM","0.00","JR","0.00"
"1979","05/27/2013","Richmond","13767","TH","0.00","CJM","0.00","JR","0.00"
"1981","05/27/2013","Sandisfield","13778","TH","0.00","CJM","0.00","JR","0.00"
"1984","05/27/2013","Sheffield","13785","TH","0.00","CJM","0.00","JR","0.00"
"1986","05/27/2013","Mount Washington","13714","TH","0.00","CJM","0.00","JR","0.00"
"1990","05/27/2013","Tyringham","13820","TH","0.00","CJM","0.00","JR","0.00"
"1995","05/27/2013","Ashfield","13533","TH","0.00","CJM","0.00","JR","0.00"
"1997","05/27/2013","Athol","13535","TH","0.00","CJM","0.00","JR","0.00"
"2004","05/27/2013","Hawley","13648","TH","0.00","CJM","0.00","JR","0.00"
"2009","05/27/2013","Erving","13611","TH","0.00","CJM","0.00","JR","0.00"
"2020","05/27/2013","Royalston","13773","TH","0.00","CJM","0.00","JR","0.00"
"2026","05/27/2013","Fitchburg","13617","TH","0.00","CJM","0.00","JR","0.00"
"2030","05/27/2013","Ayer","13539","TH","0.00","CJM","0.00","JR","0.00"
"2032","05/27/2013","Gardner","13623","TH","0.00","CJM","0.00","JR","0.00"
"2034","05/27/2013","Westminster","13850","TH","0.00","CJM","0.00","JR","0.00"
"2038","05/27/2013","Hubbardston","13659","TH","0.00","CJM","0.00","JR","0.00"
"2041","05/27/2013","Littleton","13677","TH","0.00","CJM","0.00","JR","0.00"
"2047","05/27/2013","Townsend","13817","TH","0.00","CJM","0.00","JR","0.00"
"2058","05/27/2013","Grafton","13629","TH","0.00","CJM","0.00","JR","0.00"
"2060","05/27/2013","Holden","13653","TH","0.00","CJM","0.00","JR","0.00"
"2066","05/27/2013","Millville","13707","TH","0.00","CJM","0.00","JR","0.00"
"2075","05/27/2013","Southbridge","13796","TH","0.00","CJM","0.00","JR","0.00"
"2080","05/27/2013","Upton","13821","TH","0.00","CJM","0.00","JR","0.00"
"2082","05/27/2013","Uxbridge","13822","TH","0.00","CJM","0.00","JR","0.00"
"2087","05/27/2013","Sutton","13808","TH","0.00","CJM","0.00","JR","0.00"
"2091","05/27/2013","Tolland","13815","TH","0.00","CJM","0.00","JR","0.00"
"2094","05/27/2013","Boxborough","13557","TH","0.00","CJM","0.00","JR","0.00"
"2096","05/27/2013","Acton","13521","TH","0.00","CJM","0.00","JR","0.00"
"2101","05/27/2013","Carlisle","13571","TH","0.00","CJM","0.00","JR","0.00"
"2103","05/27/2013","Concord","13587","TH","0.00","CJM","0.00","JR","0.00"
"2109","05/27/2013","Marlborough","13689","TH","0.00","CJM","0.00","JR","0.00"
"2118","05/27/2013","Stow","13804","TH","0.00","CJM","0.00","JR","0.00"
"2121","05/27/2013","Wayland","13833","TH","0.00","CJM","0.00","JR","0.00"
"2126","05/27/2013","Billerica","13551","TH","0.00","CJM","0.00","JR","0.00"
"2129","05/27/2013","Dracut","13599","TH","0.00","CJM","0.00","JR","0.00"
"2131","05/27/2013","Dunstable","13601","TH","0.00","CJM","0.00","JR","0.00"
"2133","05/27/2013","Haverhill","13647","TH","0.00","CJM","0.00","JR","0.00"
"2136","05/27/2013","Groveland","13635","TH","0.00","CJM","0.00","JR","0.00"
"2148","05/27/2013","Winchester","13862","TH","0.00","CJM","0.00","JR","0.00"
"2152","05/27/2013","Swampscott","13809","TH","0.00","CJM","0.00","JR","0.00"
"2158","05/27/2013","Essex","13612","TH","0.00","CJM","0.00","JR","0.00"
"2163","05/27/2013","Lynnfield","13683","TH","0.00","CJM","0.00","JR","0.00"
"2168","05/27/2013","Newburyport","13725","TH","0.00","CJM","0.00","JR","0.00"
"2174","05/27/2013","Rowley","13772","TH","0.00","CJM","0.00","JR","0.00"
"2178","05/27/2013","Wenham","13838","TH","0.00","CJM","0.00","JR","0.00"
"2180","05/27/2013","Bellingham","13545","TH","0.00","CJM","0.00","JR","0.00"
"2184","05/27/2013","Dedham","13593","TH","0.00","CJM","0.00","JR","0.00"
"2200","05/27/2013","Sharon","13784","TH","0.00","CJM","0.00","JR","0.00"
"2202","05/27/2013","Stoughton","13803","TH","0.00","CJM","0.00","JR","0.00"
"2206","05/27/2013","Wrentham","13868","TH","0.00","CJM","0.00","JR","0.00"
"2209","05/27/2013","Cambridge","13569","TH","0.00","CJM","0.00","JR","0.00"
"2211","05/27/2013","Somerville","13792","TH","0.00","CJM","0.00","JR","0.00"
"2218","05/27/2013","Medford","13695","TH","0.00","CJM","0.00","JR","0.00"
"2220","05/27/2013","Quincy","13761","TH","0.00","CJM","0.00","JR","0.00"
"2223","05/27/2013","Stoneham","13802","TH","0.00","CJM","0.00","JR","0.00"
"2234","05/27/2013","Halifax","13637","TH","0.00","CJM","0.00","JR","0.00"
"2236","05/27/2013","Hanover","13641","TH","0.00","CJM","0.00","JR","0.00"
"2238","05/27/2013","Hanson","13642","TH","0.00","CJM","0.00","JR","0.00"
"2241","05/27/2013","Middleborough","13701","TH","0.00","CJM","0.00","JR","0.00"
"2243","05/27/2013","Lakeville","13665","TH","0.00","CJM","0.00","JR","0.00"
"2245","05/27/2013","Abington","13520","TH","0.00","CJM","0.00","JR","0.00"
"2253","05/27/2013","Whitman","13856","TH","0.00","CJM","0.00","JR","0.00"
"2257","05/27/2013","Waltham","13826","TH","0.00","CJM","0.00","JR","0.00"
"2260","05/27/2013","Watertown","13832","TH","0.00","CJM","0.00","JR","0.00"
"2263","05/27/2013","Belmont","13546","TH","0.00","CJM","0.00","JR","0.00"
"2267","05/27/2013","Weston","13851","TH","0.00","CJM","0.00","JR","0.00"
"2270","05/27/2013","Chilmark","13582","TH","0.00","CJM","0.00","JR","0.00"
"2278","05/27/2013","Tisbury","13814","TH","0.00","CJM","0.00","JR","0.00"
"2283","05/27/2013","Chatham","13575","TH","0.00","CJM","0.00","JR","0.00"
"2289","05/27/2013","Orleans","13742","TH","0.00","CJM","0.00","JR","0.00"
"2291","05/27/2013","Provincetown","13760","TH","0.00","CJM","0.00","JR","0.00"
"2307","05/27/2013","Acushnet","13522","TH","0.00","CJM","0.00","JR","0.00"
"2309","05/27/2013","Plainville","13756","TH","0.00","CJM","0.00","JR","0.00"
"2311","05/27/2013","Norton","13736","TH","0.00","CJM","0.00","JR","0.00"
"2325","05/28/2013","Abington","12555","TH","19.43","CJM","9.72","JR","4.86"
"2326","05/28/2013","Acton","13179","TH","0.00","CJM","0.00","JR","0.00"
"2327","05/28/2013","Acushnet","12557","TH","19.82","CJM","9.91","JR","4.95"
"2328","05/28/2013","Adams","12348","TH","20.01","CJM","10.01","JR","5.00"
"2329","05/28/2013","Agawam","12349","TH","3.90","CJM","1.95","JR","0.98","12559","TH","16.30","CJM","8.15","JR","4.08"
"2330","05/28/2013","Aquinnah","12564","TH","21.16","CJM","10.58","JR","5.29"
"2331","05/28/2013","Ashland","12359","TH","22.12","CJM","11.06","JR","5.53"
"2332","05/28/2013","Ayer","12364","TH","23.09","CJM","11.54","JR","5.77"
"2333","05/28/2013","Belchertown","12579","TH","1.83","CJM","0.92","JR","0.46","13202","TH","0.00","CJM","0.00","JR","0.00"
"2334","05/28/2013","Bernardston","12373","TH","25.01","CJM","12.51","JR","6.25"
"2335","05/28/2013","Bolton","12378","TH","25.97","CJM","12.99","JR","6.49"
"2336","05/28/2013","Boylston","12383","TH","26.93","CJM","13.47","JR","6.73"
"2337","05/28/2013","Brockton","12388","TH","24.25","CJM","12.13","JR","6.06","12599","TH","3.54","CJM","1.77","JR","0.88"
"2338","05/28/2013","Cambridge","12604","TH","28.86","CJM","14.43","JR","7.21"
"2339","05/28/2013","Charlton","12397","TH","29.82","CJM","14.91","JR","7.45"
"2340","05/28/2013","Chester","12402","TH","30.78","CJM","15.39","JR","7.69"
"2341","05/28/2013","Clinton","12619","TH","31.74","CJM","15.87","JR","7.94"
"2342","05/28/2013","Cummington","12412","TH","32.70","CJM","16.35","JR","8.18"

"2344","05/28/2013","Dracut","12421","TH","34.63","CJM","17.31","JR","8.66"
"2345","05/28/2013","East.Bridgewater","13953","TH","0.00","CJM","0.00","JR","0.00","14304","TH","25.51","CJM","12.76","JR","6.38"

"2347","05/28/2013","Edgartown","12431","TH","36.55","CJM","18.27","JR","9.14"
"2348","05/28/2013","Fairhaven","12436","TH","37.51","CJM","18.76","JR","9.38"

"2350","05/28/2013","Georgetown","12659","TH","39.43","CJM","19.72","JR","9.86"
"2351","05/28/2013","Grafton","12450","TH","40.39","CJM","20.20","JR","10.10"
"2352","05/28/2013","Groton","12455","TH","41.36","CJM","20.68","JR","10.34"
"2353","05/28/2013","Hampden","12967","TH","42.32","CJM","21.16","JR","10.58"
"2354","05/28/2013","Harvard","13994","TH","0.00","CJM","0.00","JR","0.00"
"2355","05/28/2013","Heath","12469","TH","44.24","CJM","22.12","JR","11.06"
"2356","05/28/2013","Holland","12474","TH","45.20","CJM","22.60","JR","11.30"
"2357","05/28/2013","Hubbardston","12479","TH","46.16","CJM","23.08","JR","11.54"
"2358","05/28/2013","Kingston","12484","TH","47.13","CJM","23.56","JR","11.78"
"2359","05/28/2013","Lee","13327","TH","0.00","CJM","0.00","JR","0.00"
"2360","05/28/2013","Lexington","12493","TH","49.05","CJM","24.52","JR","12.26"
"2361","05/28/2013","Lowell","13006","TH","50.01","CJM","25.01","JR","12.50"
"2362","05/28/2013","Malden","12503","TH","50.97","CJM","25.49","JR","12.74"
"2363","05/28/2013","Marlborough","12508","TH","51.93","CJM","25.97","JR","12.98"
"2364","05/28/2013","Medfield","13021","TH","52.89","CJM","26.45","JR","13.22"
"2365","05/28/2013","Merrimac","12517","TH","53.86","CJM","26.93","JR","13.46"
"2366","05/28/2013","Milford","12522","TH","54.82","CJM","27.41","JR","13.70"
"2367","05/28/2013","Monroe","12527","TH","55.78","CJM","27.89","JR","13.94"
"2368","05/28/2013","Mount Washington","12532","TH","56.74","CJM","28.37","JR","14.19"
"2369","05/28/2013","New Ashford","13377","TH","0.00","CJM","0.00","JR","0.00"
"2370","05/28/2013","Newbury","13382","TH","0.00","CJM","0.00","JR","0.00"
"2371","05/28/2013","North.Adams","14078","TH","0.00","CJM","0.00","JR","0.00"

"2373","05/28/2013","Northborough","13392","TH","0.00","CJM","0.00","JR","0.00"
"2374","05/28/2013","Norwood","13397","TH","0.00","CJM","0.00","JR","0.00"
"2375","05/28/2013","Otis","13069","TH","62.51","CJM","31.26","JR","15.63"
"2376","05/28/2013","Pelham","13407","TH","0.00","CJM","0.00","JR","0.00"
"2377","05/28/2013","Phillipston","13753","TH","0.00","CJM","0.00","JR","0.00"
"2378","05/28/2013","Plympton","13758","TH","0.00","CJM","0.00","JR","0.00"
"2379","05/28/2013","Raynham","13089","TH","18.75","CJM","9.38","JR","4.69","13763","TH","0.00","CJM","0.00","JR","0.00"
"2380","05/28/2013","Rochester","13093","TH","67.32","CJM","33.66","JR","16.83"
"2381","05/28/2013","Royalston","13773","TH","0.00","CJM","0.00","JR","0.00"
"2382","05/28/2013","Sandisfield","13778","TH","0.00","CJM","0.00","JR","0.00"
"2383","05/28/2013","Seekonk","13783","TH","0.00","CJM","0.00","JR","0.00"
"2384","05/28/2013","Shirley","13788","TH","0.00","CJM","0.00","JR","0.00"
"2385","05/28/2013","South.Hadley","13793","TH","0.00","CJM","0.00","JR","0.00"
"2386","05/28/2013","Spencer","13122","TH","73.09","CJM","36.54","JR","18.27"
"2387","05/28/2013","Stoughton","13803","TH","0.00","CJM","0.00","JR","0.00"
"2388","05/28/2013","Sutton","13808","TH","0.00","CJM","0.00","JR","0.00"
"2389","05/28/2013","Tewksbury","13813","TH","0.00","CJM","0.00","JR","0.00"
"2390","05/28/2013","Truro","13141","TH","29.33","CJM","14.67","JR","7.33","13818","TH","0.00","CJM","0.00","JR","0.00"
"2391","05/28/2013","Wakefield","13146","TH","77.89","CJM","38.95","JR","19.47"
"2392","05/28/2013","Wareham","13828","TH","0.00","CJM","0.00","JR","0.00"
"2393","05/28/2013","Wayland","13833","TH","0.00","CJM","0.00","JR","0.00"
"2394","05/28/2013","Wenham","13838","TH","0.00","CJM","0.00","JR","0.00"
"2395","05/28/2013","West.Boylston","14190","TH","0.00","CJM","0.00","JR","0.00"
"2396","05/28/2013","West.Bridgewater","14541","TH","0.00","CJM","0.00","JR","0.00"
"2397","05/28/2013","West.Springfield","13843","TH","0.00","CJM","0.00","JR","0.00"
"2398","05/28/2013","Westford","13848","TH","0.00","CJM","0.00","JR","0.00"
"2399","05/28/2013","Westwood","13174","TH","83.66","CJM","41.83","JR","20.92"
"2400","05/28/2013","Williamsburg","13858","TH","0.00","CJM","0.00","JR","0.00"
"2401","05/28/2013","Windsor","13863","TH","0.00","CJM","0.00","JR","0.00"
"2402","05/28/2013","Wrentham","13868","TH","0.00","CJM","0.00","JR","0.00"
"2404","05/28/2013","East.Brookfield","13954","TH","0.00","CJM","0.00","JR","0.00"
"2406","05/28/2013","North.Andover","14079","TH","0.00","CJM","0.00","JR","0.00"

"2456","05/28/2013","Hadley","12457","TH","5.97","CJM","2.99","JR","1.49"
"2457","05/28/2013","Halifax","12458","TH","6.16","CJM","3.08","JR","1.54"
"2459","06/27/2013","Agawam","13874","TH","2.88","CJM","1.44","JR","0.72"
"2461","06/27/2013","Beverly","13900","TH","0.00","CJM","0.00","JR","0.00"
"2463","06/27/2013","Pelham","14099","TH","0.00","CJM","0.00","JR","0.00"
"2467","06/27/2013","Belchertown","13894","TH","0.00","CJM","0.00","JR","0.00"
"2472","06/27/2013","Chesterfield","13930","TH","0.00","CJM","0.00","JR","0.00"
"2477","06/27/2013","Westhampton","14200","TH","0.00","CJM","0.00","JR","0.00"
"2479","06/27/2013","East.Longmeadow","13955","TH","0.00","CJM","0.00","JR","0.00"
"2481","06/27/2013","East.Brookfield","13954","TH","0.00","CJM","0.00","JR","0.00"
"2490","06/27/2013","Hatfield","13996","TH","0.00","CJM","0.00","JR","0.00"
"2497","06/27/2013","Northampton","14083","TH","0.00","CJM","0.00","JR","0.00"
"2503","06/27/2013","Shutesbury","14141","TH","0.00","CJM","0.00","JR","0.00"
"2512","06/27/2013","Montgomery","14063","TH","0.00","CJM","0.00","JR","0.00"
"2514","06/27/2013","West.Springfield","14194","TH","0.00","CJM","0.00","JR","0.00"
"2521","06/27/2013","West.Tisbury","14196","TH","0.00","CJM","0.00","JR","0.00"
"2523","06/27/2013","Whately","14206","TH","0.00","CJM","0.00","JR","0.00"
"2527","06/27/2013","Worthington","14218","TH","0.00","CJM","0.00","JR","0.00"
"2530","06/27/2013","Longmeadow","14028","TH","0.00","CJM","0.00","JR","0.00"
"2532","06/27/2013","Pittsfield","14105","TH","0.00","CJM","0.00","JR","0.00"
"2534","06/27/2013","Adams","13873","TH","0.00","CJM","0.00","JR","0.00"
"2537","06/27/2013","Washington","14182","TH","0.00","CJM","0.00","JR","0.00"
"2545","06/27/2013","Hancock","13990","TH","0.00","CJM","0.00","JR","0.00"
"2548","06/27/2013","New Ashford","14069","TH","0.00","CJM","0.00","JR","0.00"
"2551","06/27/2013","Lenox","14021","TH","0.00","CJM","0.00","JR","0.00"
"2555","06/27/2013","Monterey","14062","TH","0.00","CJM","0.00","JR","0.00"
"2558","06/27/2013","North.Brookfield","14081","TH","0.00","CJM","0.00","JR","0.00"
"2561","06/27/2013","North.Reading","14082","TH","0.00","CJM","0.00","JR","0.00"
"2563","06/27/2013","North.Attleborough","14080","TH","0.00","CJM","0.00","JR","0.00"
"2567","06/27/2013","Otis","14094","TH","0.00","CJM","0.00","JR","0.00"
"2573","06/27/2013","Mount Washington","14064","TH","0.00","CJM","0.00","JR","0.00"
"2575","06/27/2013","Egremont","13960","TH","0.00","CJM","0.00","JR","0.00"
"2577","06/27/2013","Stockbridge","14152","TH","0.00","CJM","0.00","JR","0.00"
"2579","06/27/2013","Tyringham","14171","TH","0.00","CJM","0.00","JR","0.00"
"2586","06/27/2013","Phillipston","14104","TH","0.00","CJM","0.00","JR","0.00"
"2592","06/27/2013","Hawley","13998","TH","0.00","CJM","0.00","JR","0.00"
"2594","06/27/2013","Colrain","13936","TH","0.00","CJM","0.00","JR","0.00"
"2604","06/27/2013","Northfield","14086","TH","0.00","CJM","0.00","JR","0.00"
"2606","06/27/2013","Orange","14092","TH","0.00","CJM","0.00","JR","0.00"
"2609","06/27/2013","Rowe","14122","TH","0.00","CJM","0.00","JR","0.00"
"2613","06/27/2013","Sunderland","14158","TH","0.00","CJM","0.00","JR","0.00"
"2616","06/27/2013","Wendell","14188","TH","0.00","CJM","0.00","JR","0.00"
"2620","06/27/2013","Ashby","13882","TH","0.60","CJM","0.30","JR","0.15"
"2622","06/27/2013","Ayer","13889","TH","0.00","CJM","0.00","JR","0.00"
"2626","06/27/2013","Groton","13984","TH","0.00","CJM","0.00","JR","0.00"
"2629","06/27/2013","Hubbardston","14009","TH","0.00","CJM","0.00","JR","0.00"
"2632","06/27/2013","Littleton","14027","TH","0.00","CJM","0.00","JR","0.00"
"2639","06/27/2013","Winchendon","14212","TH","0.00","CJM","0.00","JR","0.00"
"2646","06/27/2013","Charlton","13924","TH","0.00","CJM","0.00","JR","0.00"
"2651","06/27/2013","Holden","14003","TH","0.00","CJM","0.00","JR","0.00"
"2655","06/27/2013","Leicester","14020","TH","0.00","CJM","0.00","JR","0.00"
"2658","06/27/2013","Millville","14057","TH","0.00","CJM","0.00","JR","0.00"
"2664","06/27/2013","Princeton","14110","TH","0.00","CJM","0.00","JR","0.00"
"2667","06/27/2013","Shrewsbury","14140","TH","0.00","CJM","0.00","JR","0.00"
"2684","06/27/2013","Acton","13871","TH","0.43","CJM","0.22","JR","0.11"
"2693","06/27/2013","Hopkinton","14008","TH","0.00","CJM","0.00","JR","0.00"
"2696","06/27/2013","Marlborough","14039","TH","0.00","CJM","0.00","JR","0.00"
"2703","06/27/2013","Southborough","14146","TH","0.00","CJM","0.00","JR","0.00"
"2705","06/27/2013","Lincoln","14026","TH","0.00","CJM","0.00","JR","0.00"
"2711","06/27/2013","Burlington","13918","TH","0.00","CJM","0.00","JR","0.00"
"2718","06/27/2013","Haverhill","13997","TH","0.00","CJM","0.00","JR","0.00"
"2721","06/27/2013","Groveland","13985","TH","0.00","CJM","0.00","JR","0.00"
"2724","06/27/2013","Methuen","14050","TH","0.00","CJM","0.00","JR","0.00"
"2729","06/27/2013","Tewksbury","14164","TH","0.00","CJM","0.00","JR","0.00"
"2731","06/27/2013","Tyngsborough","14170","TH","0.00","CJM","0.00","JR","0.00"
"2737","06/27/2013","Lynn","14032","TH","0.00","CJM","0.00","JR","0.00"
"2740","06/27/2013","Swampscott","14160","TH","0.00","CJM","0.00","JR","0.00"
"2743","06/27/2013","Amesbury","13876","TH","0.00","CJM","0.00","JR","0.00"
"2751","06/27/2013","Lynnfield","14033","TH","0.00","CJM","0.00","JR","0.00"
"2757","06/27/2013","Newbury","14074","TH","0.00","CJM","0.00","JR","0.00"
"2759","06/27/2013","Salisbury","14128","TH","0.00","CJM","0.00","JR","0.00"
"2761","06/27/2013","Peabody","14098","TH","0.00","CJM","0.00","JR","0.00"
"2772","06/27/2013","Dover","13948","TH","0.00","CJM","0.00","JR","0.00"
"2780","06/27/2013","Medfield","14044","TH","0.00","CJM","0.00","JR","0.00"
"2783","06/27/2013","Millis","14056","TH","0.00","CJM","0.00","JR","0.00"
"2791","06/27/2013","Walpole","14176","TH","0.00","CJM","0.00","JR","0.00"
"2796","06/27/2013","Cambridge","13919","TH","0.00","CJM","0.00","JR","0.00"
"2804","06/27/2013","Medford","14045","TH","0.00","CJM","0.00","JR","0.00"
"2813","06/27/2013","Avon","13888","TH","2.61","CJM","1.31","JR","0.65"
"2815","06/27/2013","Bridgewater","13912","TH","0.00","CJM","0.00","JR","0.00"
"2821","06/27/2013","Hanover","13991","TH","0.00","CJM","0.00","JR","0.00"
"2824","06/27/2013","Holbrook","14002","TH","0.00","CJM","0.00","JR","0.00"
"2826","06/27/2013","Middleborough","14051","TH","0.00","CJM","0.00","JR","0.00"
"2828","06/27/2013","Lakeville","14015","TH","0.00","CJM","0.00","JR","0.00"
"2830","06/27/2013","Abington","13870","TH","0.21","CJM","0.11","JR","0.05"
"2834","06/27/2013","Kingston","14014","TH","0.00","CJM","0.00","JR","0.00"
"2839","06/27/2013","Whitman","14207","TH","0.00","CJM","0.00","JR","0.00"
"2849","06/27/2013","Needham","14068","TH","0.00","CJM","0.00","JR","0.00"
"2852","06/27/2013","Bourne","13906","TH","0.00","CJM","0.00","JR","0.00"
"2857","06/27/2013","Falmouth","13966","TH","0.00","CJM","0.00","JR","0.00"
"2871","06/27/2013","Orleans","14093","TH","0.00","CJM","0.00","JR","0.00"
"2877","06/27/2013","Freetown","13972","TH","0.00","CJM","0.00","JR","0.00"
"2880","06/27/2013","Gosnold","13978","TH","0.00","CJM","0.00","JR","0.00"
"2882","06/27/2013","Dartmouth","13942","TH","0.00","CJM","0.00","JR","0.00"
"2888","06/27/2013","Marion","14038","TH","0.00","CJM","0.00","JR","0.00"
"2892","06/27/2013","Acushnet","13872","TH","0.00","CJM","0.00","JR","0.00"
"2897","06/27/2013","Rehoboth","14116","TH","0.00","CJM","0.00","JR","0.00"
"2900","06/27/2013","Seekonk","14134","TH","0.00","CJM","0.00","JR","0.00"
"2910","06/28/2013","Abington","12555","TH","19.43","CJM","9.72","JR","4.86"
"2911","06/28/2013","Acton","13179","TH","0.00","CJM","0.00","JR","0.00"
"2912","06/28/2013","Acushnet","12557","TH","7.63","CJM","3.82","JR","1.91","13180","TH","0.00","CJM","0.00","JR","0.00"
"2913","06/28/2013","Adams","12348","TH","20.01","CJM","10.01","JR","5.00"
"2914","06/28/2013","Agawam","12559","TH","20.20","CJM","10.10","JR","5.05"
"2915","06/28/2013","Andover","12353","TH","20.97","CJM","10.49","JR","5.24"
"2916","06/28/2013","Ashfield","12358","TH","21.93","CJM","10.97","JR","5.48"
"2917","06/28/2013","Avon","12363","TH","22.90","CJM","11.45","JR","5.72"
"2918","06/28/2013","Bedford","12368","TH","23.86","CJM","11.93","JR","5.96"
"2919","06/28/2013","Berlin","12372","TH","24.82","CJM","12.41","JR","6.21"
"2920","06/28/2013","Blandford","13211","TH","0.00","CJM","0.00","JR","0.00"
"2921","06/28/2013","Boxford","12593","TH","26.74","CJM","13.37","JR","6.69"
"2922","06/28/2013","Brimfield","12387","TH","27.70","CJM","13.85","JR","6.93"
"2923","06/28/2013","Burlington","12392","TH","28.67","CJM","14.33","JR","7.17"
"2924","06/28/2013","Charlemont","12608","TH","29.63","CJM","14.81","JR","7.41"
"2925","06/28/2013","Cheshire","12401","TH","30.59","CJM","15.29","JR","7.65"
"2926","06/28/2013","Clarksburg","12406","TH","31.55","CJM","15.78","JR","7.89"
"2927","06/28/2013","Conway","12411","TH","32.51","CJM","16.26","JR","8.13"

"2929","06/28/2013","Dover","12420","TH","34.43","CJM","17.22","JR","8.61"
"2930","06/28/2013","East.Bridgewater","14304","TH","35.40","CJM","17.70","JR","8.85"

"2932","06/28/2013","Easton","12430","TH","30.68","CJM","15.34","JR","7.67","12643","TH","5.68","CJM","2.84","JR","1.42"
"2933","06/28/2013","Everett","12648","TH","37.32","CJM","18.66","JR","9.33"

"2935","06/28/2013","Gardner","12444","TH","39.24","CJM","19.62","JR","9.81"
"2936","06/28/2013","Gosnold","12663","TH","40.20","CJM","20.10","JR","10.05"
"2937","06/28/2013","Greenfield","12454","TH","41.17","CJM","20.58","JR","10.29"
"2938","06/28/2013","Hamilton","12459","TH","42.13","CJM","21.06","JR","10.53"
"2939","06/28/2013","Hardwick","12464","TH","23.51","CJM","11.75","JR","5.88","13301","TH","0.00","CJM","0.00","JR","0.00"
"2940","06/28/2013","Hawley","14349","TH","22.90","CJM","11.45","JR","5.72"
"2941","06/28/2013","Holden","12473","TH","0.63","CJM","0.31","JR","0.16","12683","TH","0.00","CJM","0.00","JR","0.00","12981","TH","24.27","CJM","12.14","JR","6.07","13311","TH","0.00","CJM","0.00","JR","0.00"
"2942","06/28/2013","Hopkinton","12478","TH","45.97","CJM","22.99","JR","11.49"
"2943","06/28/2013","Ipswich","12483","TH","6.13","CJM","3.06","JR","1.53","12691","TH","0.00","CJM","0.00","JR","0.00","12991","TH","40.76","CJM","20.38","JR","10.19"
"2944","06/28/2013","Lawrence","13326","TH","0.00","CJM","0.00","JR","0.00"
"2945","06/28/2013","Leverett","12492","TH","5.23","CJM","2.61","JR","1.31","12698","TH","0.00","CJM","0.00","JR","0.00","13331","TH","0.00","CJM","0.00","JR","0.00"
"2946","06/28/2013","Longmeadow","13005","TH","47.76","CJM","23.88","JR","11.94","14028","TH","0.00","CJM","0.00","JR","0.00"
"2947","06/28/2013","Lynnfield","13010","TH","50.78","CJM","25.39","JR","12.70"
"2948","06/28/2013","Marion","12507","TH","51.74","CJM","25.87","JR","12.94"
"2949","06/28/2013","Maynard","12512","TH","52.70","CJM","26.35","JR","13.18"
"2950","06/28/2013","Mendon","12516","TH","12.19","CJM","6.10","JR","3.05","13025","TH","40.25","CJM","20.13","JR","10.06","13356","TH","0.00","CJM","0.00","JR","0.00"
"2951","06/28/2013","Middleton","12521","TH","54.63","CJM","27.31","JR","13.66"
"2952","06/28/2013","Milton","13035","TH","14.48","CJM","7.24","JR","3.62","13366","TH","0.00","CJM","0.00","JR","0.00"
"2953","06/28/2013","Montgomery","12531","TH","56.55","CJM","28.28","JR","14.14"
"2954","06/28/2013","Needham","14068","TH","0.00","CJM","0.00","JR","0.00"
"2955","06/28/2013","New Salem","13381","TH","0.00","CJM","0.00","JR","0.00"
"2956","06/28/2013","North.Adams","14429","TH","57.12","CJM","28.56","JR","14.28"

"2958","06/28/2013","Northampton","14083","TH","0.00","CJM","0.00","JR","0.00"
"2959","06/28/2013","Norwell","14088","TH","0.00","CJM","0.00","JR","0.00"
"2960","06/28/2013","Orleans","13401","TH","0.00","CJM","0.00","JR","0.00","14093","TH","0.00","CJM","0.00","JR","0.00"
"2961","06/28/2013","Peabody","13406","TH","0.00","CJM","0.00","JR","0.00"
"2962","06/28/2013","Petersham","14103","TH","0.00","CJM","0.00","JR","0.00"
"2963","06/28/2013","Plymouth","14108","TH","0.00","CJM","0.00","JR","0.00"
"2964","06/28/2013","Randolph","14113","TH","0.00","CJM","0.00","JR","0.00"
"2965","06/28/2013","Richmond","14118","TH","0.00","CJM","0.00","JR","0.00"
"2966","06/28/2013","Rowley","14123","TH","0.00","CJM","0.00","JR","0.00"
"2967","06/28/2013","Salisbury","13777","TH","0.00","CJM","0.00","JR","0.00"
"2968","06/28/2013","Scituate","14133","TH","0.00","CJM","0.00","JR","0.00"
"2969","06/28/2013","Sherborn","14138","TH","0.00","CJM","0.00","JR","0.00"
"2970","06/28/2013","Somerville","14143","TH","0.00","CJM","0.00","JR","0.00"
"2971","06/28/2013","Southwick","13797","TH","0.00","CJM","0.00","JR","0.00","14148","TH","0.00","CJM","0.00","JR","0.00"
"2972","06/28/2013","Stoneham","13802","TH","0.00","CJM","0.00","JR","0.00"
"2973","06/28/2013","Sunderland","14158","TH","0.00","CJM","0.00","JR","0.00"
"2974","06/28/2013","Templeton","14163","TH","0.00","CJM","0.00","JR","0.00"
"2975","06/28/2013","Townsend","14168","TH","0.00","CJM","0.00","JR","0.00"
"2976","06/28/2013","Uxbridge","14173","TH","0.00","CJM","0.00","JR","0.00"
"2977","06/28/2013","Ware","14178","TH","0.00","CJM","0.00","JR","0.00"
"2978","06/28/2013","Watertown","13832","TH","0.00","CJM","0.00","JR","0.00"
"2979","06/28/2013","Wendell","14188","TH","0.00","CJM","0.00","JR","0.00"
"2980","06/28/2013","West.Boylston","14540","TH","0.00","CJM","0.00","JR","0.00"

"2982","06/28/2013","West.Newbury","14193","TH","0.00","CJM","0.00","JR","0.00"
"2983","06/28/2013","Westfield","14198","TH","0.00","CJM","0.00","JR","0.00"
"2984","06/28/2013","Westport","13852","TH","0.00","CJM","0.00","JR","0.00","14203","TH","0.00","CJM","0.00","JR","0.00"
"2985","06/28/2013","Wilbraham","13857","TH","0.00","CJM","0.00","JR","0.00"
"2986","06/28/2013","Winchester","14213","TH","0.00","CJM","0.00","JR","0.00"
"2987","06/28/2013","Worthington","14218","TH","0.00","CJM","0.00","JR","0.00"
"2989","06/28/2013","East.Brookfield","14305","TH","0.00","CJM","0.00","JR","0.00"
"2991","06/28/2013","North.Andover","14430","TH","2.32","CJM","1.16","JR","0.58"

"3041","06/28/2013","Hadley","12457","TH","5.97","CJM","2.99","JR","1.49"
"3042","06/28/2013","Halifax","12458","TH","6.17","CJM","3.08","JR","1.54"
"3044","07/27/2013","Agawam","14225","TH","0.00","CJM","0.00","JR","0.00"
"3046","07/27/2013","Beverly","14251","TH","0.00","CJM","0.00","JR","0.00"
"3051","07/27/2013","Belchertown","14245","TH","0.00","CJM","0.00","JR","0.00"
"3055","07/27/2013","Chester","14280","TH","3.66","CJM","1.83","JR","0.91"
"3057","07/27/2013","Chesterfield","14281","TH","2.85","CJM","1.42","JR","0.71"
"3063","07/27/2013","East.Longmeadow","14306","TH","11.81","CJM","5.91","JR","2.95"
"3065","07/27/2013","East.Brookfield","14305","TH","4.16","CJM","2.08","JR","1.04"
"3067","07/27/2013","East.Bridgewater","14304","TH","4.82","CJM","2.41","JR","1.21"
"3069","07/27/2013","Goshen","14328","TH","2.12","CJM","1.06","JR","0.53"
"3074","07/27/2013","Hampden","14340","TH","0.00","CJM","0.00","JR","0.00"
"3077","07/27/2013","Hatfield","14347","TH","2.81","CJM","1.40","JR","0.70"
"3085","07/27/2013","Oakham","14442","TH","4.82","CJM","2.41","JR","1.21"
"3090","07/27/2013","Shutesbury","14492","TH","0.00","CJM","0.00","JR","0.00"
"3092","07/27/2013","Southampton","14496","TH","0.00","CJM","0.00","JR","0.00"
"3096","07/27/2013","Wales","14526","TH","0.00","CJM","0.00","JR","0.00"
"3102","07/27/2013","West.Springfield","14544","TH","0.00","CJM","0.00","JR","0.00"
"3107","07/27/2013","West.Newbury","14543","TH","0.00","CJM","0.00","JR","0.00"
"3110","07/27/2013","West.Tisbury","14546","TH","0.00","CJM","0.00","JR","0.00"
"3119","07/27/2013","Adams","14224","TH","0.00","CJM","0.00","JR","0.00"
"3126","07/27/2013","Alford","14226","TH","0.00","CJM","0.00","JR","0.00"
"3128","07/27/2013","Hinsdale","14352","TH","0.89","CJM","0.45","JR","0.22"
"3131","07/27/2013","Hancock","14341","TH","0.00","CJM","0.00","JR","0.00"
"3135","07/27/2013","Lee","14370","TH","3.38","CJM","1.69","JR","0.84"
"3137","07/27/2013","Lenox","14372","TH","0.00","CJM","0.00","JR","0.00"
"3141","07/27/2013","Monterey","14413","TH","3.19","CJM","1.60","JR","0.80"
"3145","07/27/2013","North.Andover","14430","TH","4.82","CJM","2.41","JR","1.21"
"3147","07/27/2013","North.Reading","14433","TH","128.48","CJM","64.24","JR","32.12"
"3158","07/27/2013","Egremont","14311","TH","0.00","CJM","0.00","JR","0.00"
"3164","07/27/2013","Greenfield","14334","TH","3.77","CJM","1.88","JR","0.94"
"3169","07/27/2013","Bernardston","14250","TH","2.89","CJM","1.45","JR","0.72"
"3171","07/27/2013","Leyden","14376","TH","0.90","CJM","0.45","JR","0.22"
"3173","07/27/2013","Buckland","14268","TH","4.15","CJM","2.08","JR","1.04"
"3175","07/27/2013","Charlemont","14274","TH","0.00","CJM","0.00","JR","0.00"
"3178","07/27/2013","Colrain","14287","TH","0.00","CJM","0.00","JR","0.00"
"3185","07/27/2013","Montague","14412","TH","3.78","CJM","1.89","JR","0.95"
"3188","07/27/2013","New Salem","14424","TH","4.82","CJM","2.41","JR","1.21"
"3192","07/27/2013","Petersham","14454","TH","0.00","CJM","0.00","JR","0.00"
"3198","07/27/2013","Warwick","14531","TH","0.00","CJM","0.00","JR","0.00"
"3202","07/27/2013","Ashburnham","14232","TH","0.00","CJM","0.00","JR","0.00"
"3208","07/27/2013","Groton","14335","TH","2.56","CJM","1.28","JR","0.64"
"3214","07/27/2013","Lunenburg","14382","TH","2.73","CJM","1.37","JR","0.68"
"3217","07/27/2013","Shirley","14490","TH","0.00","CJM","0.00","JR","0.00"
"3219","07/27/2013","Templeton","14514","TH","0.00","CJM","0.00","JR","0.00"
"3223","07/27/2013","Auburn","14238","TH","0.00","CJM","0.00","JR","0.00"
"3229","07/27/2013","Charlton","14275","TH","0.00","CJM","0.00","JR","0.00"
"3232","07/27/2013","Douglas","14298","TH","0.22","CJM","0.11","JR","0.05"
"3239","07/27/2013","Millbury","14406","TH","0.00","CJM","0.00","JR","0.00"
"3244","07/27/2013","Northbridge","14436","TH","4.82","CJM","2.41","JR","1.21"
"3252","07/27/2013","Sterling","14502","TH","0.00","CJM","0.00","JR","0.00"
"3261","07/27/2013","Worcester","14567","TH","0.00","CJM","0.00","JR","0.00"
"3263","07/27/2013","Paxton","14448","TH","4.82","CJM","2.41","JR","1.21"
"3268","07/27/2013","Acton","14222","TH","0.00","CJM","0.00","JR","0.00"
"3271","07/27/2013","Bedford","14244","TH","0.82","CJM","0.41","JR","0.20"
"3277","07/27/2013","Hopedale","14358","TH","3.92","CJM","1.96","JR","0.98"
"3282","07/27/2013","Maynard","14394","TH","2.99","CJM","1.50","JR","0.75"
"3286","07/27/2013","Natick","14418","TH","4.82","CJM","2.41","JR","1.21"
"3292","07/27/2013","Sudbury","14508","TH","0.00","CJM","0.00","JR","0.00"
"3296","07/27/2013","Burlington","14269","TH","3.69","CJM","1.85","JR","0.92"
"3305","07/27/2013","Groveland","14336","TH","2.03","CJM","1.02","JR","0.51"
"3310","07/27/2013","Merrimac","14400","TH","3.64","CJM","1.82","JR","0.91"
"3312","07/27/2013","Reading","14466","TH","0.00","CJM","0.00","JR","0.00"
"3314","07/27/2013","Tewksbury","14515","TH","0.00","CJM","0.00","JR","0.00"
"3318","07/27/2013","Westford","14549","TH","0.00","CJM","0.00","JR","0.00"
"3320","07/27/2013","Wilmington","14561","TH","0.00","CJM","0.00","JR","0.00"
"3323","07/27/2013","Lynn","14383","TH","0.00","CJM","0.00","JR","0.00"
"3330","07/27/2013","Danvers","14292","TH","3.86","CJM","1.93","JR","0.97"
"3335","07/27/2013","Ipswich","14364","TH","0.00","CJM","0.00","JR","0.00"
"3339","07/27/2013","Marblehead","14388","TH","0.00","CJM","0.00","JR","0.00"
"3344","07/27/2013","Salisbury","14479","TH","4.00","CJM","2.00","JR","1.00"
"3346","07/27/2013","Peabody","14449","TH","1.40","CJM","0.70","JR","0.35"
"3348","07/27/2013","Rockport","14472","TH","0.00","CJM","0.00","JR","0.00"
"3351","07/27/2013","Salem","14478","TH","4.82","CJM","2.41","JR","1.21"
"3357","07/27/2013","Cohasset","14286","TH","0.81","CJM","0.41","JR","0.20"
"3360","07/27/2013","Dover","14299","TH","0.00","CJM","0.00","JR","0.00"
"3363","07/27/2013","Franklin","14322","TH","0.00","CJM","0.00","JR","0.00"
"3375","07/27/2013","Scituate","14484","TH","0.00","CJM","0.00","JR","0.00"
"3381","07/27/2013","Boston","14256","TH","0.00","CJM","0.00","JR","0.00"
"3383","07/27/2013","Cambridge","14270","TH","1.76","CJM","0.88","JR","0.44"
"3389","07/27/2013","Revere","14468","TH","4.82","CJM","2.41","JR","1.20"
"3398","07/27/2013","Weymouth","14555","TH","0.00","CJM","0.00","JR","0.00"
"3402","07/27/2013","Bridgewater","14263","TH","0.00","CJM","0.00","JR","0.00"
"3411","07/27/2013","Middleborough","14402","TH","2.20","CJM","1.10","JR","0.55"
"3414","07/27/2013","Abington","14221","TH","0.00","CJM","0.00","JR","0.00"
"3419","07/27/2013","Plympton","14460","TH","4.82","CJM","2.41","JR","1.21"
"3434","07/27/2013","Bourne","14257","TH","0.00","CJM","0.00","JR","0.00"
"3438","07/27/2013","Edgartown","14310","TH","0.19","CJM","0.10","JR","0.05"
"3447","07/27/2013","Brewster","14262","TH","2.07","CJM","1.03","JR","0.52"
"3452","07/27/2013","Harwich","14346","TH","3.65","CJM","1.82","JR","0.91"
"3458","07/27/2013","Truro","14520","TH","0.00","CJM","0.00","JR","0.00"
"3460","07/27/2013","Wellfleet","14537","TH","0.00","CJM","0.00","JR","0.00"
"3462","07/27/2013","Freetown","14323","TH","1.79","CJM","0.90","JR","0.45"
"3465","07/27/2013","Gosnold","14329","TH","0.00","CJM","0.00","JR","0.00"
"3467","07/27/2013","Dartmouth","14293","TH","2.36","CJM","1.18","JR","0.59"
"3471","07/27/2013","Fall River","14316","TH","0.00","CJM","0.00","JR","0.00"
"3477","07/27/2013","Acushnet","14223","TH","0.00","CJM","0.00","JR","0.00"
"3482","07/27/2013","Rehoboth","14467","TH","4.53","CJM","2.27","JR","1.13"
"3494","07/28/2013","Abington","12555","TH","19.44","CJM","9.72","JR","4.86"
"3495","07/28/2013","Acton","13179","TH","0.00","CJM","0.00","JR","0.00"
"3496","07/28/2013","Acushnet","13180","TH","0.00","CJM","0.00","JR","0.00"
"3497","07/28/2013","Adams","12348","TH","8.78","CJM","4.39","JR","2.19","12558","TH","11.24","CJM","5.62","JR","2.81"
"3498","07/28/2013","Agawam","12559","TH","20.21","CJM","10.10","JR","5.05"
"3499","07/28/2013","Amherst","12352","TH","20.78","CJM","10.39","JR","5.20"
"3500","07/28/2013","Ashby","12357","TH","21.74","CJM","10.87","JR","5.44"
"3501","07/28/2013","Auburn","12362","TH","22.71","CJM","11.35","JR","5.68"
"3502","07/28/2013","Becket","12577","TH","23.67","CJM","11.83","JR","5.92"
"3503","07/28/2013","Berkley","12582","TH","24.63","CJM","12.31","JR","6.16"
"3504","07/28/2013","Blackstone","12376","TH","25.59","CJM","12.80","JR","6.40"
"3505","07/28/2013","Boxborough","12381","TH","26.55","CJM","13.28","JR","6.64"
"3506","07/28/2013","Bridgewater","12597","TH","27.51","CJM","13.76","JR","6.88"
"3507","07/28/2013","Buckland","12391","TH","28.47","CJM","14.24","JR","7.12"
"3508","07/28/2013","Carver","12395","TH","29.44","CJM","14.72","JR","7.36"
"3509","07/28/2013","Chelsea","12400","TH","30.40","CJM","15.20","JR","7.60"
"3510","07/28/2013","Chilmark","12405","TH","31.36","CJM","15.68","JR","7.84"
"3511","07/28/2013","Concord","12410","TH","13.04","CJM","6.52","JR","3.26","12622","TH","19.08","CJM","9.54","JR","4.77"
"3512","07/28/2013","Dartmouth","12415","TH","33.28","CJM","16.64","JR","8.32"
"3513","07/28/2013","Douglas","12419","TH","24.76","CJM","12.38","JR","6.19","12632","TH","9.48","CJM","4.74","JR","2.37"
"3514","07/28/2013","Duxbury","12637","TH","35.21","CJM","17.60","JR","8.80"


"3517","07/28/2013","Easthampton","13265","TH","0.00","CJM","0.00","JR","0.00"
"3518","07/28/2013","Essex","12434","TH","37.13","CJM","18.56","JR","9.28"
"3519","07/28/2013","Fitchburg","12652","TH","38.09","CJM","19.05","JR","9.52"
"3520","07/28/2013","Freetown","12443","TH","39.05","CJM","19.53","JR","9.76"
"3521","07/28/2013","Goshen","12448","TH","40.01","CJM","20.01","JR","10.00"
"3522","07/28/2013","Great Barrington","12453","TH","25.04","CJM","12.52","JR","6.26","12667","TH","15.94","CJM","7.97","JR","3.98"
"3523","07/28/2013","Halifax","12458","TH","41.94","CJM","20.97","JR","10.48"
"3524","07/28/2013","Hanson","12463","TH","2.45","CJM","1.22","JR","0.61","12675","TH","0.00","CJM","0.00","JR","0.00","12970","TH","24.39","CJM","12.20","JR","6.10","13642","TH","0.00","CJM","0.00","JR","0.00"

"3526","07/28/2013","Holbrook","12980","TH","44.82","CJM","22.41","JR","11.21"
"3527","07/28/2013","Hopedale","12985","TH","45.78","CJM","22.89","JR","11.45"
"3528","07/28/2013","Huntington","12482","TH","4.66","CJM","2.33","JR","1.17","13320","TH","0.00","CJM","0.00","JR","0.00"
"3529","07/28/2013","Lanesborough","12487","TH","1.93","CJM","0.97","JR","0.48","12695","TH","0.00","CJM","0.00","JR","0.00","12995","TH","45.56","CJM","22.78","JR","11.39"
"3530","07/28/2013","Leominster","12999","TH","48.67","CJM","24.33","JR","12.17"
"3531","07/28/2013","Littleton","12496","TH","49.63","CJM","24.81","JR","12.41"
"3532","07/28/2013","Lynn","12501","TH","50.59","CJM","25.30","JR","12.65"
"3533","07/28/2013","Marblehead","12506","TH","14.43","CJM","7.22","JR","3.61","12709","TH","0.00","CJM","0.00","JR","0.00","13014","TH","36.84","CJM","18.42","JR","9.21"
"3534","07/28/2013","Mattapoisett","12511","TH","52.51","CJM","26.26","JR","13.13"
"3535","07/28/2013","Melrose","13024","TH","10.77","CJM","5.38","JR","2.69","13355","TH","0.00","CJM","0.00","JR","0.00"
"3536","07/28/2013","Middlefield","12520","TH","54.44","CJM","27.22","JR","13.61"
"3537","07/28/2013","Millville","13034","TH","55.40","CJM","27.70","JR","13.85"
"3538","07/28/2013","Monterey","13039","TH","31.12","CJM","15.56","JR","7.78","13370","TH","0.00","CJM","0.00","JR","0.00"
"3539","07/28/2013","Natick","14067","TH","0.00","CJM","0.00","JR","0.00"
"3540","07/28/2013","New Marlborough","14072","TH","0.00","CJM","0.00","JR","0.00"
"3541","07/28/2013","Norfolk","14077","TH","0.00","CJM","0.00","JR","0.00"


"3544","07/28/2013","North.Reading","13390","TH","0.00","CJM","0.00","JR","0.00","14433","TH","34.28","CJM","17.14","JR","8.57"
"3545","07/28/2013","Norton","13395","TH","0.00","CJM","0.00","JR","0.00"
"3546","07/28/2013","Orange","14092","TH","0.00","CJM","0.00","JR","0.00"
"3547","07/28/2013","Paxton","14097","TH","0.00","CJM","0.00","JR","0.00"
"3548","07/28/2013","Peru","14102","TH","0.00","CJM","0.00","JR","0.00"
"3549","07/28/2013","Plainville","14107","TH","0.00","CJM","0.00","JR","0.00"
"3550","07/28/2013","Quincy","14112","TH","0.00","CJM","0.00","JR","0.00"
"3551","07/28/2013","Revere","13092","TH","20.50","CJM","10.25","JR","5.13","14468","TH","40.90","CJM","20.45","JR","10.23"
"3552","07/28/2013","Rowe","14122","TH","0.00","CJM","0.00","JR","0.00"
"3553","07/28/2013","Salem","14127","TH","0.00","CJM","0.00","JR","0.00"
"3554","07/28/2013","Savoy","14132","TH","0.00","CJM","0.00","JR","0.00"
"3555","07/28/2013","Shelburne","13786","TH","0.00","CJM","0.00","JR","0.00","14137","TH","0.00","CJM","0.00","JR","0.00"
"3556","07/28/2013","Somerset","13116","TH","71.74","CJM","35.87","JR","17.94"
"3557","07/28/2013","Southbridge","14147","TH","0.00","CJM","0.00","JR","0.00"
"3558","07/28/2013","Stockbridge","14152","TH","0.00","CJM","0.00","JR","0.00"
"3559","07/28/2013","Sudbury","14157","TH","0.00","CJM","0.00","JR","0.00"
"3560","07/28/2013","Taunton","14162","TH","0.00","CJM","0.00","JR","0.00"
"3561","07/28/2013","Topsfield","14167","TH","0.00","CJM","0.00","JR","0.00"
"3562","07/28/2013","Upton","13821","TH","0.00","CJM","0.00","JR","0.00"
"3563","07/28/2013","Waltham","14177","TH","0.00","CJM","0.00","JR","0.00"
"3564","07/28/2013","Washington","14182","TH","0.00","CJM","0.00","JR","0.00"
"3565","07/28/2013","Wellfleet","14187","TH","0.00","CJM","0.00","JR","0.00"


"3568","07/28/2013","West.Brookfield","13163","TH","33.76","CJM","16.88","JR","8.44","14192","TH","0.00","CJM","0.00","JR","0.00"
"3569","07/28/2013","Westborough","13846","TH","0.00","CJM","0.00","JR","0.00"
"3570","07/28/2013","Weston","14202","TH","0.00","CJM","0.00","JR","0.00"
"3571","07/28/2013","Whitman","14207","TH","0.00","CJM","0.00","JR","0.00"
"3572","07/28/2013","Winchendon","14212","TH","0.00","CJM","0.00","JR","0.00"
"3573","07/28/2013","Worcester","14217","TH","0.00","CJM","0.00","JR","0.00"



"3627","07/28/2013","Hadley","12457","TH","5.98","CJM","2.99","JR","1.49"
"3628","07/28/2013","Halifax","12458","TH","6.17","CJM","3.08","JR","1.54"
