"Abington","Invoice Charges","127.31","127.31","Payments","0.00","0.00","Credits","0.00","0.00","Write Offs","0.00","0.00","Refunds","0.00","0.00","Transfers","0.00","0.00"
"Acton","Invoice Charges","240.28","240.28","Payments","0.00","0.00","Credits","0.00","0.00","Write Offs","0.00","0.00","Refunds","0.00","0.00","Transfers","0.00","0.00"
"Acushnet","Invoice Charges","342.89","342.89","Payments","0.00","0.00","Credits","0.00","0.00","Write Offs","0.00","0.00","Refunds","0.00","0.00","Transfers","0.00","0.00"
"Adams","Invoice Charges","670.85","670.85","Payments","0.00","0.00","Credits","0.00","0.00","Write Offs","0.00","0.00","Refunds","0.00","0.00","Transfers","0.00","0.00"
"Agawam","Invoice Charges","441.39","441.39","Payments","0.00","0.00","Credits","0.00","0.00","Write Offs","0.00","0.00","Refunds","0.00","0.00","Transfers","0.00","0.00"
"Alford","Invoice Charges","0.00","0.00","Payments","0.00","0.00","Credits","0.00","0.00","Write Offs","0.00","0.00","Refunds","0.00","0.00","Transfers","0.00","0.00"
"Amesbury","Invoice Charges","299.41","299.41","Payments","0.00","0.00","Credits","0.00","0.00","Write Offs","0.00","0.00","Refunds","0.00","0.00","Transfers","0.00","0.00"
"Amherst","Invoice Charges","346.23","346.23","Payments","0.00","0.00","Credits","0.00","0.00","Write Offs","0.00","0.00","Refunds","0.00","0.00","Transfers","0.00","0.00"
"Andover","Invoice Charges","1436.69","1436.69","Payments","0.00","0.00","Credits","0.00","0.00","Write Offs","0.00","0.00","Refunds","0.00","0.00","Transfers","0.00","0.00"
"Aquinnah","Invoice Charges","0.00","0.00","Payments","0.00","0.00","Credits","0.00","0.00","Write Offs","0.00","0.00","Refunds","0.00","0.00","Transfers","0.00","0.00"
"Arlington","Invoice Charges","1189.38","1189.38","Payments","0.00","0.00","Credits","0.00","0.00","Write Offs","0.00","0.00","Refunds","0.00","0.00","Transfers","0.00","0.00"
"Ashburnham","Invoice Charges","131.19","131.19","Payments","0.00","0.00","Credits","0.00","0.00","Write Offs","0.00","0.00","Refunds","0.00","0.00","Transfers","0.00","0.00"
"Ashby","Invoice Charges","235.97","235.97","Payments","0.00","0.00","Credits","0.00","0.00","Write Offs","0.00","0.00","Refunds","0.00","0.00","Transfers","0.00","0.00"
"Ashfield","Invoice Charges","346.58","346.58","Payments","0.00","0.00","Credits","0.00","0.00","Write Offs","0.00","0.00","Refunds","0.00","0.00","Transfers","0.00","0.00"
"Ashland","Invoice Charges","652.22","652.22","Payments","0.00","0.00","Credits","0.00","0.00","Write Offs","0.00","0.00","Refunds","0.00","0.00","Transfers","0.00","0.00"
"Athol","Invoice Charges","446.23","446.23","Payments","0.00","0.00","Credits","0.00","0.00","Write Offs","0.00","0.00","Refunds","0.00","0.00","Transfers","0.00","0.00"
"Attleboro","Invoice Charges","0.00","0.00","Payments","0.00","0.00","Credits","0.00","0.00","Write Offs","0.00","0.00","Refunds","0.00","0.00","Transfers","0.00","0.00"
"Auburn","Invoice Charges","772.62","772.62","Payments","0.00","0.00","Credits","0.00","0.00","Write Offs","0.00","0.00","Refunds","0.00","0.00","Transfers","0.00","0.00"
"Avon","Invoice Charges","888.53","888.53","Payments","0.00","0.00","Credits","0.00","0.00","Write Offs","0.00","0.00","Refunds","0.00","0.00","Transfers","0.00","0.00"
"Ayer","Invoice Charges","968.28","968.28","Payments","0.00","0.00","Credits","0.00","0.00","Write Offs","0.00","0.00","Refunds","0.00","0.00","Transfers","0.00","0.00"
"Barnstable","Invoice Charges","0.00","0.00","Payments","0.00","0.00","Credits","0.00","0.00","Write Offs","0.00","0.00","Refunds","0.00","0.00","Transfers","0.00","0.00"
"Barre","Invoice Charges","46.82","46.82","Payments","0.00","0.00","Credits","0.00","0.00","Write Offs","0.00","0.00","Refunds","0.00","0.00","Transfers","0.00","0.00"
"Becket","Invoice Charges","62.44","62.44","Payments","0.00","0.00","Credits","0.00","0.00","Write Offs","0.00","0.00","Refunds","0.00","0.00","Transfers","0.00","0.00"
"Bedford","Invoice Charges","384.48","384.48","Payments","0.00","0.00","Credits","0.00","0.00","Write Offs","0.00","0.00","Refunds","0.00","0.00","Transfers","0.00","0.00"
"Belchertown","Invoice Charges","0.00","0.00","Payments","0.00","0.00","Credits","0.00","0.00","Write Offs","0.00","0.00","Refunds","0.00","0.00","Transfers","0.00","0.00"
"Bellingham","Invoice Charges","1522.11","1522.11","Payments","0.00","0.00","Credits","0.00","0.00","Write Offs","0.00","0.00","Refunds","0.00","0.00","Transfers","0.00","0.00"
"Belmont","Invoice Charges","1319.44","1319.44","Payments","0.00","0.00","Credits","0.00","0.00","Write Offs","0.00","0.00","Refunds","0.00","0.00","Transfers","0.00","0.00"
"Berkley","Invoice Charges","0.00","0.00","Payments","0.00","0.00","Credits","0.00","0.00","Write Offs","0.00","0.00","Refunds","0.00","0.00","Transfers","0.00","0.00"
"Berlin","Invoice Charges","944.16","944.16","Payments","0.00","0.00","Credits","0.00","0.00","Write Offs","0.00","0.00","Refunds","0.00","0.00","Transfers","0.00","0.00"
"Bernardston","Invoice Charges","725.73","725.73","Payments","0.00","0.00","Credits","0.00","0.00","Write Offs","0.00","0.00","Refunds","0.00","0.00","Transfers","0.00","0.00"
"Beverly","Invoice Charges","1337.81","1337.81","Payments","0.00","0.00","Credits","0.00","0.00","Write Offs","0.00","0.00","Refunds","0.00","0.00","Transfers","0.00","0.00"
"Billerica","Invoice Charges","0.00","0.00","Payments","0.00","0.00","Credits","0.00","0.00","Write Offs","0.00","0.00","Refunds","0.00","0.00","Transfers","0.00","0.00"
"Blackstone","Invoice Charges","1480.81","1480.81","Payments","0.00","0.00","Credits","0.00","0.00","Write Offs","0.00","0.00","Refunds","0.00","0.00","Transfers","0.00","0.00"
"Blandford","Invoice Charges","7.66","7.66","Payments","0.00","0.00","Credits","0.00","0.00","Write Offs","0.00","0.00","Refunds","0.00","0.00","Transfers","0.00","0.00"
"Bolton","Invoice Charges","387.02","387.02","Payments","0.00","0.00","Credits","0.00","0.00","Write Offs","0.00","0.00","Refunds","0.00","0.00","Transfers","0.00","0.00"
"Boston","Invoice Charges","862.48","862.48","Payments","0.00","0.00","Credits","0.00","0.00","Write Offs","0.00","0.00","Refunds","0.00","0.00","Transfers","0.00","0.00"
"Bourne","Invoice Charges","1974.18","1974.18","Payments","0.00","0.00","Credits","0.00","0.00","Write Offs","0.00","0.00","Refunds","0.00","0.00","Transfers","0.00","0.00"
"Boxborough","Invoice Charges","721.51","721.51","Payments","0.00","0.00","Credits","0.00","0.00","Write Offs","0.00","0.00","Refunds","0.00","0.00","Transfers","0.00","0.00"
"Boxford","Invoice Charges","0.00","0.00","Payments","0.00","0.00","Credits","0.00","0.00","Write Offs","0.00","0.00","Refunds","0.00","0.00","Transfers","0.00","0.00"
"Boylston","Invoice Charges","959.96","959.96","Payments","0.00","0.00","Credits","0.00","0.00","Write Offs","0.00","0.00","Refunds","0.00","0.00","Transfers","0.00","0.00"
"Braintree","Invoice Charges","921.11","921.11","Payments","0.00","0.00","Credits","0.00","0.00","Write Offs","0.00","0.00","Refunds","0.00","0.00","Transfers","0.00","0.00"
"Brewster","Invoice Charges","1043.10","1043.10","Payments","0.00","0.00","Credits","0.00","0.00","Write Offs","0.00","0.00","Refunds","0.00","0.00","Transfers","0.00","0.00"
"Bridgewater","Invoice Charges","0.00","0.00","Payments","0.00","0.00","Credits","0.00","0.00","Write Offs","0.00","0.00","Refunds","0.00","0.00","Transfers","0.00","0.00"
"Brimfield","Invoice Charges","1293.40","1293.40","Payments","0.00","0.00","Credits","0.00","0.00","Write Offs","0.00","0.00","Refunds","0.00","0.00","Transfers","0.00","0.00"
"Brockton","Invoice Charges","126.11","126.11","Payments","0.00","0.00","Credits","0.00","0.00","Write Offs","0.00","0.00","Refunds","0.00","0.00","Transfers","0.00","0.00"
"Brookfield","Invoice Charges","233.51","233.51","Payments","0.00","0.00","Credits","0.00","0.00","Write Offs","0.00","0.00","Refunds","0.00","0.00","Transfers","0.00","0.00"
"Brookline","Invoice Charges","343.01","343.01","Payments","0.00","0.00","Credits","0.00","0.00","Write Offs","0.00","0.00","Refunds","0.00","0.00","Transfers","0.00","0.00"
"Buckland","Invoice Charges","684.01","684.01","Payments","0.00","0.00","Credits","0.00","0.00","Write Offs","0.00","0.00","Refunds","0.00","0.00","Transfers","0.00","0.00"
"Burlington","Invoice Charges","454.67","454.67","Payments","0.00","0.00","Credits","0.00","0.00","Write Offs","0.00","0.00","Refunds","0.00","0.00","Transfers","0.00","0.00"
"Cambridge","Invoice Charges","0.00","0.00","Payments","0.00","0.00","Credits","0.00","0.00","Write Offs","0.00","0.00","Refunds","0.00","0.00","Transfers","0.00","0.00"
"Canton","Invoice Charges","802.04","802.04","Payments","0.00","0.00","Credits","0.00","0.00","Write Offs","0.00","0.00","Refunds","0.00","0.00","Transfers","0.00","0.00"
"Carlisle","Invoice Charges","922.04","922.04","Payments","0.00","0.00","Credits","0.00","0.00","Write Offs","0.00","0.00","Refunds","0.00","0.00","Transfers","0.00","0.00"
"Carver","Invoice Charges","1044.16","1044.16","Payments","0.00","0.00","Credits","0.00","0.00","Write Offs","0.00","0.00","Refunds","0.00","0.00","Transfers","0.00","0.00"
"Charlemont","Invoice Charges","0.00","0.00","Payments","0.00","0.00","Credits","0.00","0.00","Write Offs","0.00","0.00","Refunds","0.00","0.00","Transfers","0.00","0.00"
"Charlton","Invoice Charges","1294.68","1294.68","Payments","0.00","0.00","Credits","0.00","0.00","Write Offs","0.00","0.00","Refunds","0.00","0.00","Transfers","0.00","0.00"
"Chatham","Invoice Charges","126.25","126.25","Payments","0.00","0.00","Credits","0.00","0.00","Write Offs","0.00","0.00","Refunds","0.00","0.00","Transfers","0.00","0.00"
"Chelmsford","Invoice Charges","233.76","233.76","Payments","0.00","0.00","Credits","0.00","0.00","Write Offs","0.00","0.00","Refunds","0.00","0.00","Transfers","0.00","0.00"
"Chelsea","Invoice Charges","343.39","343.39","Payments","0.00","0.00","Credits","0.00","0.00","Write Offs","0.00","0.00","Refunds","0.00","0.00","Transfers","0.00","0.00"
"Cheshire","Invoice Charges","684.72","684.72","Payments","0.00","0.00","Credits","0.00","0.00","Write Offs","0.00","0.00","Refunds","0.00","0.00","Transfers","0.00","0.00"
"Chester","Invoice Charges","455.15","455.15","Payments","0.00","0.00","Credits","0.00","0.00","Write Offs","0.00","0.00","Refunds","0.00","0.00","Transfers","0.00","0.00"
"Chesterfield","Invoice Charges","0.00","0.00","Payments","0.00","0.00","Credits","0.00","0.00","Write Offs","0.00","0.00","Refunds","0.00","0.00","Transfers","0.00","0.00"
"Chicopee","Invoice Charges","786.39","786.39","Payments","0.00","0.00","Credits","0.00","0.00","Write Offs","0.00","0.00","Refunds","0.00","0.00","Transfers","0.00","0.00"
"Chilmark","Invoice Charges","878.64","878.64","Payments","0.00","0.00","Credits","0.00","0.00","Write Offs","0.00","0.00","Refunds","0.00","0.00","Transfers","0.00","0.00"
"Clarksburg","Invoice Charges","995.46","995.46","Payments","0.00","0.00","Credits","0.00","0.00","Write Offs","0.00","0.00","Refunds","0.00","0.00","Transfers","0.00","0.00"
"Clinton","Invoice Charges","0.00","0.00","Payments","0.00","0.00","Credits","0.00","0.00","Write Offs","0.00","0.00","Refunds","0.00","0.00","Transfers","0.00","0.00"
"Cohasset","Invoice Charges","1188.79","1188.79","Payments","0.00","0.00","Credits","0.00","0.00","Write Offs","0.00","0.00","Refunds","0.00","0.00","Transfers","0.00","0.00"
"Colrain","Invoice Charges","131.12","131.12","Payments","0.00","0.00","Credits","0.00","0.00","Write Offs","0.00","0.00","Refunds","0.00","0.00","Transfers","0.00","0.00"
"Concord","Invoice Charges","235.85","235.85","Payments","0.00","0.00","Credits","0.00","0.00","Write Offs","0.00","0.00","Refunds","0.00","0.00","Transfers","0.00","0.00"
"Conway","Invoice Charges","346.41","346.41","Payments","0.00","0.00","Credits","0.00","0.00","Write Offs","0.00","0.00","Refunds","0.00","0.00","Transfers","0.00","0.00"
"Cummington","Invoice Charges","651.89","651.89","Payments","0.00","0.00","Credits","0.00","0.00","Write Offs","0.00","0.00","Refunds","0.00","0.00","Transfers","0.00","0.00"
"Dalton","Invoice Charges","446.01","446.01","Payments","0.00","0.00","Credits","0.00","0.00","Write Offs","0.00","0.00","Refunds","0.00","0.00","Transfers","0.00","0.00"
"Danvers","Invoice Charges","0.00","0.00","Payments","0.00","0.00","Credits","0.00","0.00","Write Offs","0.00","0.00","Refunds","0.00","0.00","Transfers","0.00","0.00"
"Dartmouth","Invoice Charges","772.24","772.24","Payments","0.00","0.00","Credits","0.00","0.00","Write Offs","0.00","0.00","Refunds","0.00","0.00","Transfers","0.00","0.00"
"Dedham","Invoice Charges","888.11","888.11","Payments","0.00","0.00","Credits","0.00","0.00","Write Offs","0.00","0.00","Refunds","0.00","0.00","Transfers","0.00","0.00"
"Deerfield","Invoice Charges","0.00","0.00","Payments","0.00","0.00","Credits","0.00","0.00","Write Offs","0.00","0.00","Refunds","0.00","0.00","Transfers","0.00","0.00"
"Dennis","Invoice Charges","0.00","0.00","Payments","0.00","0.00","Credits","0.00","0.00","Write Offs","0.00","0.00","Refunds","0.00","0.00","Transfers","0.00","0.00"
"Dighton","Invoice Charges","1225.02","1225.02","Payments","0.00","0.00","Credits","0.00","0.00","Write Offs","0.00","0.00","Refunds","0.00","0.00","Transfers","0.00","0.00"
"Douglas","Invoice Charges","128.77","128.77","Payments","0.00","0.00","Credits","0.00","0.00","Write Offs","0.00","0.00","Refunds","0.00","0.00","Transfers","0.00","0.00"
"Dover","Invoice Charges","238.39","238.39","Payments","0.00","0.00","Credits","0.00","0.00","Write Offs","0.00","0.00","Refunds","0.00","0.00","Transfers","0.00","0.00"
"Dracut","Invoice Charges","336.79","336.79","Payments","0.00","0.00","Credits","0.00","0.00","Write Offs","0.00","0.00","Refunds","0.00","0.00","Transfers","0.00","0.00"
"Dudley","Invoice Charges","1005.95","1005.95","Payments","0.00","0.00","Credits","0.00","0.00","Write Offs","0.00","0.00","Refunds","0.00","0.00","Transfers","0.00","0.00"
"Dunstable","Invoice Charges","843.11","843.11","Payments","0.00","0.00","Credits","0.00","0.00","Write Offs","0.00","0.00","Refunds","0.00","0.00","Transfers","0.00","0.00"
"Duxbury","Invoice Charges","0.00","0.00","Payments","0.00","0.00","Credits","0.00","0.00","Write Offs","0.00","0.00","Refunds","0.00","0.00","Transfers","0.00","0.00"
"East.Bridgewater","Invoice Charges","2089.45","2089.45","Payments","0.00","0.00","Credits","0.00","0.00","Write Offs","0.00","0.00","Refunds","0.00","0.00","Transfers","0.00","0.00"
"East.Brookfield","Invoice Charges","1126.12","1126.12","Payments","0.00","0.00","Credits","0.00","0.00","Write Offs","0.00","0.00","Refunds","0.00","0.00","Transfers","0.00","0.00"
"East.Longmeadow","Invoice Charges","134.52","134.52","Payments","0.00","0.00","Credits","0.00","0.00","Write Offs","0.00","0.00","Refunds","0.00","0.00","Transfers","0.00","0.00"
"Eastham","Invoice Charges","0.00","0.00","Payments","0.00","0.00","Credits","0.00","0.00","Write Offs","0.00","0.00","Refunds","0.00","0.00","Transfers","0.00","0.00"
"Easthampton","Invoice Charges","140.71","140.71","Payments","0.00","0.00","Credits","0.00","0.00","Write Offs","0.00","0.00","Refunds","0.00","0.00","Transfers","0.00","0.00"
"Easton","Invoice Charges","349.55","349.55","Payments","0.00","0.00","Credits","0.00","0.00","Write Offs","0.00","0.00","Refunds","0.00","0.00","Transfers","0.00","0.00"
"Edgartown","Invoice Charges","707.22","707.22","Payments","0.00","0.00","Credits","0.00","0.00","Write Offs","0.00","0.00","Refunds","0.00","0.00","Transfers","0.00","0.00"
"Egremont","Invoice Charges","249.96","249.96","Payments","0.00","0.00","Credits","0.00","0.00","Write Offs","0.00","0.00","Refunds","0.00","0.00","Transfers","0.00","0.00"
"Erving","Invoice Charges","600.43","600.43","Payments","0.00","0.00","Credits","0.00","0.00","Write Offs","0.00","0.00","Refunds","0.00","0.00","Transfers","0.00","0.00"
"Essex","Invoice Charges","952.80","952.80","Payments","0.00","0.00","Credits","0.00","0.00","Write Offs","0.00","0.00","Refunds","0.00","0.00","Transfers","0.00","0.00"
"Everett","Invoice Charges","0.00","0.00","Payments","0.00","0.00","Credits","0.00","0.00","Write Offs","0.00","0.00","Refunds","0.00","0.00","Transfers","0.00","0.00"
"Fairhaven","Invoice Charges","2502.12","2502.12","Payments","0.00","0.00","Credits","0.00","0.00","Write Offs","0.00","0.00","Refunds","0.00","0.00","Transfers","0.00","0.00"
"Fall River","Invoice Charges","2858.24","2858.24","Payments","0.00","0.00","Credits","0.00","0.00","Write Offs","0.00","0.00","Refunds","0.00","0.00","Transfers","0.00","0.00"
"Falmouth","Invoice Charges","2967.70","2967.70","Payments","0.00","0.00","Credits","0.00","0.00","Write Offs","0.00","0.00","Refunds","0.00","0.00","Transfers","0.00","0.00"
"Fitchburg","Invoice Charges","0.00","0.00","Payments","0.00","0.00","Credits","0.00","0.00","Write Offs","0.00","0.00","Refunds","0.00","0.00","Transfers","0.00","0.00"
"Florida","Invoice Charges","794.28","794.28","Payments","0.00","0.00","Credits","0.00","0.00","Write Offs","0.00","0.00","Refunds","0.00","0.00","Transfers","0.00","0.00"
"Foxborough","Invoice Charges","0.00","0.00","Payments","0.00","0.00","Credits","0.00","0.00","Write Offs","0.00","0.00","Refunds","0.00","0.00","Transfers","0.00","0.00"
"Framingham","Invoice Charges","233.40","233.40","Payments","0.00","0.00","Credits","0.00","0.00","Write Offs","0.00","0.00","Refunds","0.00","0.00","Transfers","0.00","0.00"
"Franklin","Invoice Charges","342.85","342.85","Payments","0.00","0.00","Credits","0.00","0.00","Write Offs","0.00","0.00","Refunds","0.00","0.00","Transfers","0.00","0.00"
"Freetown","Invoice Charges","683.69","683.69","Payments","0.00","0.00","Credits","0.00","0.00","Write Offs","0.00","0.00","Refunds","0.00","0.00","Transfers","0.00","0.00"
"Gardner","Invoice Charges","454.45","454.45","Payments","0.00","0.00","Credits","0.00","0.00","Write Offs","0.00","0.00","Refunds","0.00","0.00","Transfers","0.00","0.00"
"Georgetown","Invoice Charges","0.00","0.00","Payments","0.00","0.00","Credits","0.00","0.00","Write Offs","0.00","0.00","Refunds","0.00","0.00","Transfers","0.00","0.00"
"Gill","Invoice Charges","801.66","801.66","Payments","0.00","0.00","Credits","0.00","0.00","Write Offs","0.00","0.00","Refunds","0.00","0.00","Transfers","0.00","0.00"
"Gloucester","Invoice Charges","921.62","921.62","Payments","0.00","0.00","Credits","0.00","0.00","Write Offs","0.00","0.00","Refunds","0.00","0.00","Transfers","0.00","0.00"
"Goshen","Invoice Charges","1043.68","1043.68","Payments","0.00","0.00","Credits","0.00","0.00","Write Offs","0.00","0.00","Refunds","0.00","0.00","Transfers","0.00","0.00"
"Gosnold","Invoice Charges","0.00","0.00","Payments","0.00","0.00","Credits","0.00","0.00","Write Offs","0.00","0.00","Refunds","0.00","0.00","Transfers","0.00","0.00"
"Grafton","Invoice Charges","1294.09","1294.09","Payments","0.00","0.00","Credits","0.00","0.00","Write Offs","0.00","0.00","Refunds","0.00","0.00","Transfers","0.00","0.00"
"Granby","Invoice Charges","126.18","126.18","Payments","0.00","0.00","Credits","0.00","0.00","Write Offs","0.00","0.00","Refunds","0.00","0.00","Transfers","0.00","0.00"
"Granville","Invoice Charges","233.65","233.65","Payments","0.00","0.00","Credits","0.00","0.00","Write Offs","0.00","0.00","Refunds","0.00","0.00","Transfers","0.00","0.00"
"Great Barrington","Invoice Charges","343.22","343.22","Payments","0.00","0.00","Credits","0.00","0.00","Write Offs","0.00","0.00","Refunds","0.00","0.00","Transfers","0.00","0.00"
"Greenfield","Invoice Charges","684.39","684.39","Payments","0.00","0.00","Credits","0.00","0.00","Write Offs","0.00","0.00","Refunds","0.00","0.00","Transfers","0.00","0.00"
"Groton","Invoice Charges","454.93","454.93","Payments","0.00","0.00","Credits","0.00","0.00","Write Offs","0.00","0.00","Refunds","0.00","0.00","Transfers","0.00","0.00"
"Groveland","Invoice Charges","0.00","0.00","Payments","0.00","0.00","Credits","0.00","0.00","Write Offs","0.00","0.00","Refunds","0.00","0.00","Transfers","0.00","0.00"
"Hadley","Invoice Charges","802.48","802.48","Payments","0.00","0.00","Credits","0.00","0.00","Write Offs","0.00","0.00","Refunds","0.00","0.00","Transfers","0.00","0.00"
"Halifax","Invoice Charges","922.56","922.56","Payments","0.00","0.00","Credits","0.00","0.00","Write Offs","0.00","0.00","Refunds","0.00","0.00","Transfers","0.00","0.00"
"Hamilton","Invoice Charges","1044.73","1044.73","Payments","0.00","0.00","Credits","0.00","0.00","Write Offs","0.00","0.00","Refunds","0.00","0.00","Transfers","0.00","0.00"
"Hampden","Invoice Charges","0.00","0.00","Payments","0.00","0.00","Credits","0.00","0.00","Write Offs","0.00","0.00","Refunds","0.00","0.00","Transfers","0.00","0.00"
"Hancock","Invoice Charges","1188.21","1188.21","Payments","0.00","0.00","Credits","0.00","0.00","Write Offs","0.00","0.00","Refunds","0.00","0.00","Transfers","0.00","0.00"
"Hanover","Invoice Charges","131.06","131.06","Payments","0.00","0.00","Credits","0.00","0.00","Write Offs","0.00","0.00","Refunds","0.00","0.00","Transfers","0.00","0.00"
"Hanson","Invoice Charges","235.74","235.74","Payments","0.00","0.00","Credits","0.00","0.00","Write Offs","0.00","0.00","Refunds","0.00","0.00","Transfers","0.00","0.00"
"Hardwick","Invoice Charges","346.25","346.25","Payments","0.00","0.00","Credits","0.00","0.00","Write Offs","0.00","0.00","Refunds","0.00","0.00","Transfers","0.00","0.00"
"Harvard","Invoice Charges","0.00","0.00","Payments","0.00","0.00","Credits","0.00","0.00","Write Offs","0.00","0.00","Refunds","0.00","0.00","Transfers","0.00","0.00"
"Harwich","Invoice Charges","445.80","445.80","Payments","0.00","0.00","Credits","0.00","0.00","Write Offs","0.00","0.00","Refunds","0.00","0.00","Transfers","0.00","0.00"
"Hatfield","Invoice Charges","0.00","0.00","Payments","0.00","0.00","Credits","0.00","0.00","Write Offs","0.00","0.00","Refunds","0.00","0.00","Transfers","0.00","0.00"
"Haverhill","Invoice Charges","771.87","771.87","Payments","0.00","0.00","Credits","0.00","0.00","Write Offs","0.00","0.00","Refunds","0.00","0.00","Transfers","0.00","0.00"
"Hawley","Invoice Charges","887.68","887.68","Payments","0.00","0.00","Credits","0.00","0.00","Write Offs","0.00","0.00","Refunds","0.00","0.00","Transfers","0.00","0.00"
"Heath","Invoice Charges","967.32","967.32","Payments","0.00","0.00","Credits","0.00","0.00","Write Offs","0.00","0.00","Refunds","0.00","0.00","Transfers","0.00","0.00"
"Hingham","Invoice Charges","0.00","0.00","Payments","0.00","0.00","Credits","0.00","0.00","Write Offs","0.00","0.00","Refunds","0.00","0.00","Transfers","0.00","0.00"
"Hinsdale","Invoice Charges","1224.43","1224.43","Payments","0.00","0.00","Credits","0.00","0.00","Write Offs","0.00","0.00","Refunds","0.00","0.00","Transfers","0.00","0.00"
"Holbrook","Invoice Charges","128.71","128.71","Payments","0.00","0.00","Credits","0.00","0.00","Write Offs","0.00","0.00","Refunds","0.00","0.00","Transfers","0.00","0.00"
"Holden","Invoice Charges","238.27","238.27","Payments","0.00","0.00","Credits","0.00","0.00","Write Offs","0.00","0.00","Refunds","0.00","0.00","Transfers","0.00","0.00"
"Holland","Invoice Charges","336.63","336.63","Payments","0.00","0.00","Credits","0.00","0.00","Write Offs","0.00","0.00","Refunds","0.00","0.00","Transfers","0.00","0.00"
"Holliston","Invoice Charges","658.73","658.73","Payments","0.00","0.00","Credits","0.00","0.00","Write Offs","0.00","0.00","Refunds","0.00","0.00","Transfers","0.00","0.00"
"Holyoke","Invoice Charges","459.38","459.38","Payments","0.00","0.00","Credits","0.00","0.00","Write Offs","0.00","0.00","Refunds","0.00","0.00","Transfers","0.00","0.00"
"Hopedale","Invoice Charges","0.00","0.00","Payments","0.00","0.00","Credits","0.00","0.00","Write Offs","0.00","0.00","Refunds","0.00","0.00","Transfers","0.00","0.00"
"Hopkinton","Invoice Charges","780.18","780.18","Payments","0.00","0.00","Credits","0.00","0.00","Write Offs","0.00","0.00","Refunds","0.00","0.00","Transfers","0.00","0.00"
"Hubbardston","Invoice Charges","863.03","863.03","Payments","0.00","0.00","Credits","0.00","0.00","Write Offs","0.00","0.00","Refunds","0.00","0.00","Transfers","0.00","0.00"
"Hudson","Invoice Charges","1674.49","1674.49","Payments","0.00","0.00","Credits","0.00","0.00","Write Offs","0.00","0.00","Refunds","0.00","0.00","Transfers","0.00","0.00"
"Hull","Invoice Charges","0.00","0.00","Payments","0.00","0.00","Credits","0.00","0.00","Write Offs","0.00","0.00","Refunds","0.00","0.00","Transfers","0.00","0.00"
"Huntington","Invoice Charges","268.26","268.26","Payments","0.00","0.00","Credits","0.00","0.00","Write Offs","0.00","0.00","Refunds","0.00","0.00","Transfers","0.00","0.00"
"Ipswich","Invoice Charges","275.86","275.86","Payments","0.00","0.00","Credits","0.00","0.00","Write Offs","0.00","0.00","Refunds","0.00","0.00","Transfers","0.00","0.00"
"Kingston","Invoice Charges","663.63","663.63","Payments","0.00","0.00","Credits","0.00","0.00","Write Offs","0.00","0.00","Refunds","0.00","0.00","Transfers","0.00","0.00"
"Lakeville","Invoice Charges","952.01","952.01","Payments","0.00","0.00","Credits","0.00","0.00","Write Offs","0.00","0.00","Refunds","0.00","0.00","Transfers","0.00","0.00"
"Lancaster","Invoice Charges","883.82","883.82","Payments","0.00","0.00","Credits","0.00","0.00","Write Offs","0.00","0.00","Refunds","0.00","0.00","Transfers","0.00","0.00"
"Lanesborough","Invoice Charges","258.07","258.07","Payments","0.00","0.00","Credits","0.00","0.00","Write Offs","0.00","0.00","Refunds","0.00","0.00","Transfers","0.00","0.00"
"Lawrence","Invoice Charges","0.00","0.00","Payments","0.00","0.00","Credits","0.00","0.00","Write Offs","0.00","0.00","Refunds","0.00","0.00","Transfers","0.00","0.00"
"Lee","Invoice Charges","0.00","0.00","Payments","0.00","0.00","Credits","0.00","0.00","Write Offs","0.00","0.00","Refunds","0.00","0.00","Transfers","0.00","0.00"
"Leicester","Invoice Charges","1177.80","1177.80","Payments","0.00","0.00","Credits","0.00","0.00","Write Offs","0.00","0.00","Refunds","0.00","0.00","Transfers","0.00","0.00"
"Lenox","Invoice Charges","594.36","594.36","Payments","0.00","0.00","Credits","0.00","0.00","Write Offs","0.00","0.00","Refunds","0.00","0.00","Transfers","0.00","0.00"
"Leominster","Invoice Charges","0.00","0.00","Payments","0.00","0.00","Credits","0.00","0.00","Write Offs","0.00","0.00","Refunds","0.00","0.00","Transfers","0.00","0.00"
"Leverett","Invoice Charges","281.18","281.18","Payments","0.00","0.00","Credits","0.00","0.00","Write Offs","0.00","0.00","Refunds","0.00","0.00","Transfers","0.00","0.00"
"Lexington","Invoice Charges","369.60","369.60","Payments","0.00","0.00","Credits","0.00","0.00","Write Offs","0.00","0.00","Refunds","0.00","0.00","Transfers","0.00","0.00"
"Leyden","Invoice Charges","197.13","197.13","Payments","0.00","0.00","Credits","0.00","0.00","Write Offs","0.00","0.00","Refunds","0.00","0.00","Transfers","0.00","0.00"
"Lincoln","Invoice Charges","609.59","609.59","Payments","0.00","0.00","Credits","0.00","0.00","Write Offs","0.00","0.00","Refunds","0.00","0.00","Transfers","0.00","0.00"
"Littleton","Invoice Charges","762.03","762.03","Payments","0.00","0.00","Credits","0.00","0.00","Write Offs","0.00","0.00","Refunds","0.00","0.00","Transfers","0.00","0.00"
"Longmeadow","Invoice Charges","206.13","206.13","Payments","0.00","0.00","Credits","0.00","0.00","Write Offs","0.00","0.00","Refunds","0.00","0.00","Transfers","0.00","0.00"
"Lowell","Invoice Charges","0.00","0.00","Payments","0.00","0.00","Credits","0.00","0.00","Write Offs","0.00","0.00","Refunds","0.00","0.00","Transfers","0.00","0.00"
"Ludlow","Invoice Charges","801.29","801.29","Payments","0.00","0.00","Credits","0.00","0.00","Write Offs","0.00","0.00","Refunds","0.00","0.00","Transfers","0.00","0.00"
"Lunenburg","Invoice Charges","921.19","921.19","Payments","0.00","0.00","Credits","0.00","0.00","Write Offs","0.00","0.00","Refunds","0.00","0.00","Transfers","0.00","0.00"
"Lynn","Invoice Charges","1043.20","1043.20","Payments","0.00","0.00","Credits","0.00","0.00","Write Offs","0.00","0.00","Refunds","0.00","0.00","Transfers","0.00","0.00"
"Lynnfield","Invoice Charges","0.00","0.00","Payments","0.00","0.00","Credits","0.00","0.00","Write Offs","0.00","0.00","Refunds","0.00","0.00","Transfers","0.00","0.00"
"Malden","Invoice Charges","1293.51","1293.51","Payments","0.00","0.00","Credits","0.00","0.00","Write Offs","0.00","0.00","Refunds","0.00","0.00","Transfers","0.00","0.00"
"Manchester-by-the-Sea","Invoice Charges","126.12","126.12","Payments","0.00","0.00","Credits","0.00","0.00","Write Offs","0.00","0.00","Refunds","0.00","0.00","Transfers","0.00","0.00"
"Mansfield","Invoice Charges","233.53","233.53","Payments","0.00","0.00","Credits","0.00","0.00","Write Offs","0.00","0.00","Refunds","0.00","0.00","Transfers","0.00","0.00"
"Marblehead","Invoice Charges","343.05","343.05","Payments","0.00","0.00","Credits","0.00","0.00","Write Offs","0.00","0.00","Refunds","0.00","0.00","Transfers","0.00","0.00"
"Marion","Invoice Charges","684.07","684.07","Payments","0.00","0.00","Credits","0.00","0.00","Write Offs","0.00","0.00","Refunds","0.00","0.00","Transfers","0.00","0.00"
"Marlborough","Invoice Charges","454.71","454.71","Payments","0.00","0.00","Credits","0.00","0.00","Write Offs","0.00","0.00","Refunds","0.00","0.00","Transfers","0.00","0.00"
"Marshfield","Invoice Charges","0.00","0.00","Payments","0.00","0.00","Credits","0.00","0.00","Write Offs","0.00","0.00","Refunds","0.00","0.00","Transfers","0.00","0.00"
"Mashpee","Invoice Charges","802.11","802.11","Payments","0.00","0.00","Credits","0.00","0.00","Write Offs","0.00","0.00","Refunds","0.00","0.00","Transfers","0.00","0.00"
"Mattapoisett","Invoice Charges","922.14","922.14","Payments","0.00","0.00","Credits","0.00","0.00","Write Offs","0.00","0.00","Refunds","0.00","0.00","Transfers","0.00","0.00"
"Maynard","Invoice Charges","1044.25","1044.25","Payments","0.00","0.00","Credits","0.00","0.00","Write Offs","0.00","0.00","Refunds","0.00","0.00","Transfers","0.00","0.00"
"Medfield","Invoice Charges","0.00","0.00","Payments","0.00","0.00","Credits","0.00","0.00","Write Offs","0.00","0.00","Refunds","0.00","0.00","Transfers","0.00","0.00"
"Medford","Invoice Charges","1294.79","1294.79","Payments","0.00","0.00","Credits","0.00","0.00","Write Offs","0.00","0.00","Refunds","0.00","0.00","Transfers","0.00","0.00"
"Medway","Invoice Charges","126.26","126.26","Payments","0.00","0.00","Credits","0.00","0.00","Write Offs","0.00","0.00","Refunds","0.00","0.00","Transfers","0.00","0.00"
"Melrose","Invoice Charges","233.79","233.79","Payments","0.00","0.00","Credits","0.00","0.00","Write Offs","0.00","0.00","Refunds","0.00","0.00","Transfers","0.00","0.00"
"Mendon","Invoice Charges","343.42","343.42","Payments","0.00","0.00","Credits","0.00","0.00","Write Offs","0.00","0.00","Refunds","0.00","0.00","Transfers","0.00","0.00"
"Merrimac","Invoice Charges","684.78","684.78","Payments","0.00","0.00","Credits","0.00","0.00","Write Offs","0.00","0.00","Refunds","0.00","0.00","Transfers","0.00","0.00"
"Methuen","Invoice Charges","445.58","445.58","Payments","0.00","0.00","Credits","0.00","0.00","Write Offs","0.00","0.00","Refunds","0.00","0.00","Transfers","0.00","0.00"
"Middleborough","Invoice Charges","0.00","0.00","Payments","0.00","0.00","Credits","0.00","0.00","Write Offs","0.00","0.00","Refunds","0.00","0.00","Transfers","0.00","0.00"
"Middlefield","Invoice Charges","771.49","771.49","Payments","0.00","0.00","Credits","0.00","0.00","Write Offs","0.00","0.00","Refunds","0.00","0.00","Transfers","0.00","0.00"
"Middleton","Invoice Charges","887.26","887.26","Payments","0.00","0.00","Credits","0.00","0.00","Write Offs","0.00","0.00","Refunds","0.00","0.00","Transfers","0.00","0.00"
"Milford","Invoice Charges","966.85","966.85","Payments","0.00","0.00","Credits","0.00","0.00","Write Offs","0.00","0.00","Refunds","0.00","0.00","Transfers","0.00","0.00"
"Millbury","Invoice Charges","0.00","0.00","Payments","0.00","0.00","Credits","0.00","0.00","Write Offs","0.00","0.00","Refunds","0.00","0.00","Transfers","0.00","0.00"
"Millis","Invoice Charges","1223.85","1223.85","Payments","0.00","0.00","Credits","0.00","0.00","Write Offs","0.00","0.00","Refunds","0.00","0.00","Transfers","0.00","0.00"
"Millville","Invoice Charges","128.65","128.65","Payments","0.00","0.00","Credits","0.00","0.00","Write Offs","0.00","0.00","Refunds","0.00","0.00","Transfers","0.00","0.00"
"Milton","Invoice Charges","238.16","238.16","Payments","0.00","0.00","Credits","0.00","0.00","Write Offs","0.00","0.00","Refunds","0.00","0.00","Transfers","0.00","0.00"
"Monroe","Invoice Charges","336.46","336.46","Payments","0.00","0.00","Credits","0.00","0.00","Write Offs","0.00","0.00","Refunds","0.00","0.00","Transfers","0.00","0.00"
"Monson","Invoice Charges","658.40","658.40","Payments","0.00","0.00","Credits","0.00","0.00","Write Offs","0.00","0.00","Refunds","0.00","0.00","Transfers","0.00","0.00"
"Montague","Invoice Charges","459.16","459.16","Payments","0.00","0.00","Credits","0.00","0.00","Write Offs","0.00","0.00","Refunds","0.00","0.00","Transfers","0.00","0.00"
"Monterey","Invoice Charges","0.00","0.00","Payments","0.00","0.00","Credits","0.00","0.00","Write Offs","0.00","0.00","Refunds","0.00","0.00","Transfers","0.00","0.00"
"Montgomery","Invoice Charges","779.80","779.80","Payments","0.00","0.00","Credits","0.00","0.00","Write Offs","0.00","0.00","Refunds","0.00","0.00","Transfers","0.00","0.00"
"Mount Washington","Invoice Charges","862.61","862.61","Payments","0.00","0.00","Credits","0.00","0.00","Write Offs","0.00","0.00","Refunds","0.00","0.00","Transfers","0.00","0.00"
"Nahant","Invoice Charges","977.46","977.46","Payments","0.00","0.00","Credits","0.00","0.00","Write Offs","0.00","0.00","Refunds","0.00","0.00","Transfers","0.00","0.00"
"Nantucket","Invoice Charges","0.00","0.00","Payments","0.00","0.00","Credits","0.00","0.00","Write Offs","0.00","0.00","Refunds","0.00","0.00","Transfers","0.00","0.00"
"Natick","Invoice Charges","1201.84","1201.84","Payments","0.00","0.00","Credits","0.00","0.00","Write Offs","0.00","0.00","Refunds","0.00","0.00","Transfers","0.00","0.00"
"Needham","Invoice Charges","130.03","130.03","Payments","0.00","0.00","Credits","0.00","0.00","Write Offs","0.00","0.00","Refunds","0.00","0.00","Transfers","0.00","0.00"
"New Ashford","Invoice Charges","0.00","0.00","Payments","0.00","0.00","Credits","0.00","0.00","Write Offs","0.00","0.00","Refunds","0.00","0.00","Transfers","0.00","0.00"
"New Bedford","Invoice Charges","1128.22","1128.22","Payments","0.00","0.00","Credits","0.00","0.00","Write Offs","0.00","0.00","Refunds","0.00","0.00","Transfers","0.00","0.00"
"New Braintree","Invoice Charges","909.29","909.29","Payments","0.00","0.00","Credits","0.00","0.00","Write Offs","0.00","0.00","Refunds","0.00","0.00","Transfers","0.00","0.00"
"New Marlborough","Invoice Charges","279.69","279.69","Payments","0.00","0.00","Credits","0.00","0.00","Write Offs","0.00","0.00","Refunds","0.00","0.00","Transfers","0.00","0.00"
"New Salem","Invoice Charges","0.00","0.00","Payments","0.00","0.00","Credits","0.00","0.00","Write Offs","0.00","0.00","Refunds","0.00","0.00","Transfers","0.00","0.00"
"Newbury","Invoice Charges","1700.15","1700.15","Payments","0.00","0.00","Credits","0.00","0.00","Write Offs","0.00","0.00","Refunds","0.00","0.00","Transfers","0.00","0.00"
"Newburyport","Invoice Charges","1927.84","1927.84","Payments","0.00","0.00","Credits","0.00","0.00","Write Offs","0.00","0.00","Refunds","0.00","0.00","Transfers","0.00","0.00"
"Newton","Invoice Charges","2861.50","2861.50","Payments","0.00","0.00","Credits","0.00","0.00","Write Offs","0.00","0.00","Refunds","0.00","0.00","Transfers","0.00","0.00"
"Norfolk","Invoice Charges","0.00","0.00","Payments","0.00","0.00","Credits","0.00","0.00","Write Offs","0.00","0.00","Refunds","0.00","0.00","Transfers","0.00","0.00"
"North.Adams","Invoice Charges","769.82","769.82","Payments","0.00","0.00","Credits","0.00","0.00","Write Offs","0.00","0.00","Refunds","0.00","0.00","Transfers","0.00","0.00"
"North.Andover","Invoice Charges","248.48","248.48","Payments","0.00","0.00","Credits","0.00","0.00","Write Offs","0.00","0.00","Refunds","0.00","0.00","Transfers","0.00","0.00"
"North.Attleborough","Invoice Charges","780.46","780.46","Payments","0.00","0.00","Credits","0.00","0.00","Write Offs","0.00","0.00","Refunds","0.00","0.00","Transfers","0.00","0.00"
"North.Brookfield","Invoice Charges","479.63","479.63","Payments","0.00","0.00","Credits","0.00","0.00","Write Offs","0.00","0.00","Refunds","0.00","0.00","Transfers","0.00","0.00"
"North.Reading","Invoice Charges","1303.34","1303.34","Payments","0.00","0.00","Credits","0.00","0.00","Write Offs","0.00","0.00","Refunds","0.00","0.00","Transfers","0.00","0.00"
"Northampton","Invoice Charges","118.55","118.55","Payments","0.00","0.00","Credits","0.00","0.00","Write Offs","0.00","0.00","Refunds","0.00","0.00","Transfers","0.00","0.00"
"Northborough","Invoice Charges","0.00","0.00","Payments","0.00","0.00","Credits","0.00","0.00","Write Offs","0.00","0.00","Refunds","0.00","0.00","Transfers","0.00","0.00"
"Northbridge","Invoice Charges","1071.98","1071.98","Payments","0.00","0.00","Credits","0.00","0.00","Write Offs","0.00","0.00","Refunds","0.00","0.00","Transfers","0.00","0.00"
"Northfield","Invoice Charges","0.00","0.00","Payments","0.00","0.00","Credits","0.00","0.00","Write Offs","0.00","0.00","Refunds","0.00","0.00","Transfers","0.00","0.00"
"Norton","Invoice Charges","0.00","0.00","Payments","0.00","0.00","Credits","0.00","0.00","Write Offs","0.00","0.00","Refunds","0.00","0.00","Transfers","0.00","0.00"
"Norwell","Invoice Charges","0.00","0.00","Payments","0.00","0.00","Credits","0.00","0.00","Write Offs","0.00","0.00","Refunds","0.00","0.00","Transfers","0.00","0.00"
"Norwood","Invoice Charges","0.00","0.00","Payments","0.00","0.00","Credits","0.00","0.00","Write Offs","0.00","0.00","Refunds","0.00","0.00","Transfers","0.00","0.00"
"Oak Bluffs","Invoice Charges","0.00","0.00","Payments","0.00","0.00","Credits","0.00","0.00","Write Offs","0.00","0.00","Refunds","0.00","0.00","Transfers","0.00","0.00"
"Oakham","Invoice Charges","0.00","0.00","Payments","0.00","0.00","Credits","0.00","0.00","Write Offs","0.00","0.00","Refunds","0.00","0.00","Transfers","0.00","0.00"
"Orange","Invoice Charges","0.00","0.00","Payments","0.00","0.00","Credits","0.00","0.00","Write Offs","0.00","0.00","Refunds","0.00","0.00","Transfers","0.00","0.00"
"Orleans","Invoice Charges","0.00","0.00","Payments","0.00","0.00","Credits","0.00","0.00","Write Offs","0.00","0.00","Refunds","0.00","0.00","Transfers","0.00","0.00"
"Otis","Invoice Charges","0.00","0.00","Payments","0.00","0.00","Credits","0.00","0.00","Write Offs","0.00","0.00","Refunds","0.00","0.00","Transfers","0.00","0.00"
"Oxford","Invoice Charges","0.00","0.00","Payments","0.00","0.00","Credits","0.00","0.00","Write Offs","0.00","0.00","Refunds","0.00","0.00","Transfers","0.00","0.00"
"Palmer","Invoice Charges","0.00","0.00","Payments","0.00","0.00","Credits","0.00","0.00","Write Offs","0.00","0.00","Refunds","0.00","0.00","Transfers","0.00","0.00"
"Paxton","Invoice Charges","0.00","0.00","Payments","0.00","0.00","Credits","0.00","0.00","Write Offs","0.00","0.00","Refunds","0.00","0.00","Transfers","0.00","0.00"
"Peabody","Invoice Charges","308.72","308.72","Payments","0.00","0.00","Credits","0.00","0.00","Write Offs","0.00","0.00","Refunds","0.00","0.00","Transfers","0.00","0.00"
"Pelham","Invoice Charges","0.00","0.00","Payments","0.00","0.00","Credits","0.00","0.00","Write Offs","0.00","0.00","Refunds","0.00","0.00","Transfers","0.00","0.00"
"Pembroke","Invoice Charges","0.00","0.00","Payments","0.00","0.00","Credits","0.00","0.00","Write Offs","0.00","0.00","Refunds","0.00","0.00","Transfers","0.00","0.00"
"Pepperell","Invoice Charges","0.00","0.00","Payments","0.00","0.00","Credits","0.00","0.00","Write Offs","0.00","0.00","Refunds","0.00","0.00","Transfers","0.00","0.00"
"Peru","Invoice Charges","0.00","0.00","Payments","0.00","0.00","Credits","0.00","0.00","Write Offs","0.00","0.00","Refunds","0.00","0.00","Transfers","0.00","0.00"
"Petersham","Invoice Charges","0.00","0.00","Payments","0.00","0.00","Credits","0.00","0.00","Write Offs","0.00","0.00","Refunds","0.00","0.00","Transfers","0.00","0.00"
"Phillipston","Invoice Charges","0.00","0.00","Payments","0.00","0.00","Credits","0.00","0.00","Write Offs","0.00","0.00","Refunds","0.00","0.00","Transfers","0.00","0.00"
"Pittsfield","Invoice Charges","0.00","0.00","Payments","0.00","0.00","Credits","0.00","0.00","Write Offs","0.00","0.00","Refunds","0.00","0.00","Transfers","0.00","0.00"
"Plainfield","Invoice Charges","0.00","0.00","Payments","0.00","0.00","Credits","0.00","0.00","Write Offs","0.00","0.00","Refunds","0.00","0.00","Transfers","0.00","0.00"
"Plainville","Invoice Charges","0.00","0.00","Payments","0.00","0.00","Credits","0.00","0.00","Write Offs","0.00","0.00","Refunds","0.00","0.00","Transfers","0.00","0.00"
"Plymouth","Invoice Charges","0.00","0.00","Payments","0.00","0.00","Credits","0.00","0.00","Write Offs","0.00","0.00","Refunds","0.00","0.00","Transfers","0.00","0.00"
"Plympton","Invoice Charges","0.00","0.00","Payments","0.00","0.00","Credits","0.00","0.00","Write Offs","0.00","0.00","Refunds","0.00","0.00","Transfers","0.00","0.00"
"Princeton","Invoice Charges","0.00","0.00","Payments","0.00","0.00","Credits","0.00","0.00","Write Offs","0.00","0.00","Refunds","0.00","0.00","Transfers","0.00","0.00"
"Provincetown","Invoice Charges","0.00","0.00","Payments","0.00","0.00","Credits","0.00","0.00","Write Offs","0.00","0.00","Refunds","0.00","0.00","Transfers","0.00","0.00"
"Quincy","Invoice Charges","0.00","0.00","Payments","0.00","0.00","Credits","0.00","0.00","Write Offs","0.00","0.00","Refunds","0.00","0.00","Transfers","0.00","0.00"
"Randolph","Invoice Charges","0.00","0.00","Payments","0.00","0.00","Credits","0.00","0.00","Write Offs","0.00","0.00","Refunds","0.00","0.00","Transfers","0.00","0.00"
"Raynham","Invoice Charges","0.00","0.00","Payments","0.00","0.00","Credits","0.00","0.00","Write Offs","0.00","0.00","Refunds","0.00","0.00","Transfers","0.00","0.00"
"Reading","Invoice Charges","0.00","0.00","Payments","0.00","0.00","Credits","0.00","0.00","Write Offs","0.00","0.00","Refunds","0.00","0.00","Transfers","0.00","0.00"
"Rehoboth","Invoice Charges","0.00","0.00","Payments","0.00","0.00","Credits","0.00","0.00","Write Offs","0.00","0.00","Refunds","0.00","0.00","Transfers","0.00","0.00"
"Revere","Invoice Charges","0.00","0.00","Payments","0.00","0.00","Credits","0.00","0.00","Write Offs","0.00","0.00","Refunds","0.00","0.00","Transfers","0.00","0.00"
"Richmond","Invoice Charges","0.00","0.00","Payments","0.00","0.00","Credits","0.00","0.00","Write Offs","0.00","0.00","Refunds","0.00","0.00","Transfers","0.00","0.00"
"Rochester","Invoice Charges","0.00","0.00","Payments","0.00","0.00","Credits","0.00","0.00","Write Offs","0.00","0.00","Refunds","0.00","0.00","Transfers","0.00","0.00"
"Rockland","Invoice Charges","0.00","0.00","Payments","0.00","0.00","Credits","0.00","0.00","Write Offs","0.00","0.00","Refunds","0.00","0.00","Transfers","0.00","0.00"
"Rockport","Invoice Charges","0.00","0.00","Payments","0.00","0.00","Credits","0.00","0.00","Write Offs","0.00","0.00","Refunds","0.00","0.00","Transfers","0.00","0.00"
"Rowe","Invoice Charges","0.00","0.00","Payments","0.00","0.00","Credits","0.00","0.00","Write Offs","0.00","0.00","Refunds","0.00","0.00","Transfers","0.00","0.00"
"Rowley","Invoice Charges","0.00","0.00","Payments","0.00","0.00","Credits","0.00","0.00","Write Offs","0.00","0.00","Refunds","0.00","0.00","Transfers","0.00","0.00"
"Royalston","Invoice Charges","0.00","0.00","Payments","0.00","0.00","Credits","0.00","0.00","Write Offs","0.00","0.00","Refunds","0.00","0.00","Transfers","0.00","0.00"
"Russell","Invoice Charges","0.00","0.00","Payments","0.00","0.00","Credits","0.00","0.00","Write Offs","0.00","0.00","Refunds","0.00","0.00","Transfers","0.00","0.00"
"Rutland","Invoice Charges","0.00","0.00","Payments","0.00","0.00","Credits","0.00","0.00","Write Offs","0.00","0.00","Refunds","0.00","0.00","Transfers","0.00","0.00"
"Salem","Invoice Charges","0.00","0.00","Payments","0.00","0.00","Credits","0.00","0.00","Write Offs","0.00","0.00","Refunds","0.00","0.00","Transfers","0.00","0.00"
"Salisbury","Invoice Charges","0.00","0.00","Payments","0.00","0.00","Credits","0.00","0.00","Write Offs","0.00","0.00","Refunds","0.00","0.00","Transfers","0.00","0.00"
"Sandisfield","Invoice Charges","0.00","0.00","Payments","0.00","0.00","Credits","0.00","0.00","Write Offs","0.00","0.00","Refunds","0.00","0.00","Transfers","0.00","0.00"
"Sandwich","Invoice Charges","0.00","0.00","Payments","0.00","0.00","Credits","0.00","0.00","Write Offs","0.00","0.00","Refunds","0.00","0.00","Transfers","0.00","0.00"
"Saugus","Invoice Charges","411.63","411.63","Payments","0.00","0.00","Credits","0.00","0.00","Write Offs","0.00","0.00","Refunds","0.00","0.00","Transfers","0.00","0.00"
"Savoy","Invoice Charges","0.00","0.00","Payments","0.00","0.00","Credits","0.00","0.00","Write Offs","0.00","0.00","Refunds","0.00","0.00","Transfers","0.00","0.00"
"Scituate","Invoice Charges","0.00","0.00","Payments","0.00","0.00","Credits","0.00","0.00","Write Offs","0.00","0.00","Refunds","0.00","0.00","Transfers","0.00","0.00"
"Seekonk","Invoice Charges","0.00","0.00","Payments","0.00","0.00","Credits","0.00","0.00","Write Offs","0.00","0.00","Refunds","0.00","0.00","Transfers","0.00","0.00"
"Sharon","Invoice Charges","0.00","0.00","Payments","0.00","0.00","Credits","0.00","0.00","Write Offs","0.00","0.00","Refunds","0.00","0.00","Transfers","0.00","0.00"
"Sheffield","Invoice Charges","0.00","0.00","Payments","0.00","0.00","Credits","0.00","0.00","Write Offs","0.00","0.00","Refunds","0.00","0.00","Transfers","0.00","0.00"
"Shelburne","Invoice Charges","0.00","0.00","Payments","0.00","0.00","Credits","0.00","0.00","Write Offs","0.00","0.00","Refunds","0.00","0.00","Transfers","0.00","0.00"
"Sherborn","Invoice Charges","0.00","0.00","Payments","0.00","0.00","Credits","0.00","0.00","Write Offs","0.00","0.00","Refunds","0.00","0.00","Transfers","0.00","0.00"
"Shirley","Invoice Charges","0.00","0.00","Payments","0.00","0.00","Credits","0.00","0.00","Write Offs","0.00","0.00","Refunds","0.00","0.00","Transfers","0.00","0.00"
"Shrewsbury","Invoice Charges","0.00","0.00","Payments","0.00","0.00","Credits","0.00","0.00","Write Offs","0.00","0.00","Refunds","0.00","0.00","Transfers","0.00","0.00"
"Shutesbury","Invoice Charges","0.00","0.00","Payments","0.00","0.00","Credits","0.00","0.00","Write Offs","0.00","0.00","Refunds","0.00","0.00","Transfers","0.00","0.00"
"Somerset","Invoice Charges","0.00","0.00","Payments","0.00","0.00","Credits","0.00","0.00","Write Offs","0.00","0.00","Refunds","0.00","0.00","Transfers","0.00","0.00"
"Somerville","Invoice Charges","0.00","0.00","Payments","0.00","0.00","Credits","0.00","0.00","Write Offs","0.00","0.00","Refunds","0.00","0.00","Transfers","0.00","0.00"
"South.Hadley","Invoice Charges","0.00","0.00","Payments","0.00","0.00","Credits","0.00","0.00","Write Offs","0.00","0.00","Refunds","0.00","0.00","Transfers","0.00","0.00"
"Southampton","Invoice Charges","0.00","0.00","Payments","0.00","0.00","Credits","0.00","0.00","Write Offs","0.00","0.00","Refunds","0.00","0.00","Transfers","0.00","0.00"
"Southborough","Invoice Charges","0.00","0.00","Payments","0.00","0.00","Credits","0.00","0.00","Write Offs","0.00","0.00","Refunds","0.00","0.00","Transfers","0.00","0.00"
"Southbridge","Invoice Charges","0.00","0.00","Payments","0.00","0.00","Credits","0.00","0.00","Write Offs","0.00","0.00","Refunds","0.00","0.00","Transfers","0.00","0.00"
"Southwick","Invoice Charges","0.00","0.00","Payments","0.00","0.00","Credits","0.00","0.00","Write Offs","0.00","0.00","Refunds","0.00","0.00","Transfers","0.00","0.00"
"Spencer","Invoice Charges","0.00","0.00","Payments","0.00","0.00","Credits","0.00","0.00","Write Offs","0.00","0.00","Refunds","0.00","0.00","Transfers","0.00","0.00"
"Springfield","Invoice Charges","0.00","0.00","Payments","0.00","0.00","Credits","0.00","0.00","Write Offs","0.00","0.00","Refunds","0.00","0.00","Transfers","0.00","0.00"
"Sterling","Invoice Charges","0.00","0.00","Payments","0.00","0.00","Credits","0.00","0.00","Write Offs","0.00","0.00","Refunds","0.00","0.00","Transfers","0.00","0.00"
"Stockbridge","Invoice Charges","0.00","0.00","Payments","0.00","0.00","Credits","0.00","0.00","Write Offs","0.00","0.00","Refunds","0.00","0.00","Transfers","0.00","0.00"
"Stoneham","Invoice Charges","0.00","0.00","Payments","0.00","0.00","Credits","0.00","0.00","Write Offs","0.00","0.00","Refunds","0.00","0.00","Transfers","0.00","0.00"
"Stoughton","Invoice Charges","0.00","0.00","Payments","0.00","0.00","Credits","0.00","0.00","Write Offs","0.00","0.00","Refunds","0.00","0.00","Transfers","0.00","0.00"
"Stow","Invoice Charges","0.00","0.00","Payments","0.00","0.00","Credits","0.00","0.00","Write Offs","0.00","0.00","Refunds","0.00","0.00","Transfers","0.00","0.00"
"Sturbridge","Invoice Charges","0.00","0.00","Payments","0.00","0.00","Credits","0.00","0.00","Write Offs","0.00","0.00","Refunds","0.00","0.00","Transfers","0.00","0.00"
"Sudbury","Invoice Charges","0.00","0.00","Payments","0.00","0.00","Credits","0.00","0.00","Write Offs","0.00","0.00","Refunds","0.00","0.00","Transfers","0.00","0.00"
"Sunderland","Invoice Charges","0.00","0.00","Payments","0.00","0.00","Credits","0.00","0.00","Write Offs","0.00","0.00","Refunds","0.00","0.00","Transfers","0.00","0.00"
"Sutton","Invoice Charges","0.00","0.00","Payments","0.00","0.00","Credits","0.00","0.00","Write Offs","0.00","0.00","Refunds","0.00","0.00","Transfers","0.00","0.00"
"Swampscott","Invoice Charges","0.00","0.00","Payments","0.00","0.00","Credits","0.00","0.00","Write Offs","0.00","0.00","Refunds","0.00","0.00","Transfers","0.00","0.00"
"Swansea","Invoice Charges","0.00","0.00","Payments","0.00","0.00","Credits","0.00","0.00","Write Offs","0.00","0.00","Refunds","0.00","0.00","Transfers","0.00","0.00"
"Taunton","Invoice Charges","0.00","0.00","Payments","0.00","0.00","Credits","0.00","0.00","Write Offs","0.00","0.00","Refunds","0.00","0.00","Transfers","0.00","0.00"
"Templeton","Invoice Charges","0.00","0.00","Payments","0.00","0.00","Credits","0.00","0.00","Write Offs","0.00","0.00","Refunds","0.00","0.00","Transfers","0.00","0.00"
"Tewksbury","Invoice Charges","0.00","0.00","Payments","0.00","0.00","Credits","0.00","0.00","Write Offs","0.00","0.00","Refunds","0.00","0.00","Transfers","0.00","0.00"
"Tisbury","Invoice Charges","0.00","0.00","Payments","0.00","0.00","Credits","0.00","0.00","Write Offs","0.00","0.00","Refunds","0.00","0.00","Transfers","0.00","0.00"
"Tolland","Invoice Charges","0.00","0.00","Payments","0.00","0.00","Credits","0.00","0.00","Write Offs","0.00","0.00","Refunds","0.00","0.00","Transfers","0.00","0.00"
"Topsfield","Invoice Charges","0.00","0.00","Payments","0.00","0.00","Credits","0.00","0.00","Write Offs","0.00","0.00","Refunds","0.00","0.00","Transfers","0.00","0.00"
"Townsend","Invoice Charges","0.00","0.00","Payments","0.00","0.00","Credits","0.00","0.00","Write Offs","0.00","0.00","Refunds","0.00","0.00","Transfers","0.00","0.00"
"Truro","Invoice Charges","0.00","0.00","Payments","0.00","0.00","Credits","0.00","0.00","Write Offs","0.00","0.00","Refunds","0.00","0.00","Transfers","0.00","0.00"
"Tyngsborough","Invoice Charges","0.00","0.00","Payments","0.00","0.00","Credits","0.00","0.00","Write Offs","0.00","0.00","Refunds","0.00","0.00","Transfers","0.00","0.00"
"Tyringham","Invoice Charges","0.00","0.00","Payments","0.00","0.00","Credits","0.00","0.00","Write Offs","0.00","0.00","Refunds","0.00","0.00","Transfers","0.00","0.00"
"Upton","Invoice Charges","0.00","0.00","Payments","0.00","0.00","Credits","0.00","0.00","Write Offs","0.00","0.00","Refunds","0.00","0.00","Transfers","0.00","0.00"
"Uxbridge","Invoice Charges","0.00","0.00","Payments","0.00","0.00","Credits","0.00","0.00","Write Offs","0.00","0.00","Refunds","0.00","0.00","Transfers","0.00","0.00"
"Wakefield","Invoice Charges","0.00","0.00","Payments","0.00","0.00","Credits","0.00","0.00","Write Offs","0.00","0.00","Refunds","0.00","0.00","Transfers","0.00","0.00"
"Wales","Invoice Charges","0.00","0.00","Payments","0.00","0.00","Credits","0.00","0.00","Write Offs","0.00","0.00","Refunds","0.00","0.00","Transfers","0.00","0.00"
"Walpole","Invoice Charges","0.00","0.00","Payments","0.00","0.00","Credits","0.00","0.00","Write Offs","0.00","0.00","Refunds","0.00","0.00","Transfers","0.00","0.00"
"Waltham","Invoice Charges","0.00","0.00","Payments","0.00","0.00","Credits","0.00","0.00","Write Offs","0.00","0.00","Refunds","0.00","0.00","Transfers","0.00","0.00"
"Ware","Invoice Charges","0.00","0.00","Payments","0.00","0.00","Credits","0.00","0.00","Write Offs","0.00","0.00","Refunds","0.00","0.00","Transfers","0.00","0.00"
"Wareham","Invoice Charges","0.00","0.00","Payments","0.00","0.00","Credits","0.00","0.00","Write Offs","0.00","0.00","Refunds","0.00","0.00","Transfers","0.00","0.00"
"Warren","Invoice Charges","0.00","0.00","Payments","0.00","0.00","Credits","0.00","0.00","Write Offs","0.00","0.00","Refunds","0.00","0.00","Transfers","0.00","0.00"
"Warwick","Invoice Charges","0.00","0.00","Payments","0.00","0.00","Credits","0.00","0.00","Write Offs","0.00","0.00","Refunds","0.00","0.00","Transfers","0.00","0.00"
"Washington","Invoice Charges","0.00","0.00","Payments","0.00","0.00","Credits","0.00","0.00","Write Offs","0.00","0.00","Refunds","0.00","0.00","Transfers","0.00","0.00"
"Watertown","Invoice Charges","0.00","0.00","Payments","0.00","0.00","Credits","0.00","0.00","Write Offs","0.00","0.00","Refunds","0.00","0.00","Transfers","0.00","0.00"
"Wayland","Invoice Charges","0.00","0.00","Payments","0.00","0.00","Credits","0.00","0.00","Write Offs","0.00","0.00","Refunds","0.00","0.00","Transfers","0.00","0.00"
"Webster","Invoice Charges","0.00","0.00","Payments","0.00","0.00","Credits","0.00","0.00","Write Offs","0.00","0.00","Refunds","0.00","0.00","Transfers","0.00","0.00"
"Wellesley","Invoice Charges","0.00","0.00","Payments","0.00","0.00","Credits","0.00","0.00","Write Offs","0.00","0.00","Refunds","0.00","0.00","Transfers","0.00","0.00"
"Wellfleet","Invoice Charges","0.00","0.00","Payments","0.00","0.00","Credits","0.00","0.00","Write Offs","0.00","0.00","Refunds","0.00","0.00","Transfers","0.00","0.00"
"Wendell","Invoice Charges","0.00","0.00","Payments","0.00","0.00","Credits","0.00","0.00","Write Offs","0.00","0.00","Refunds","0.00","0.00","Transfers","0.00","0.00"
"Wenham","Invoice Charges","0.00","0.00","Payments","0.00","0.00","Credits","0.00","0.00","Write Offs","0.00","0.00","Refunds","0.00","0.00","Transfers","0.00","0.00"
"West.Boylston","Invoice Charges","0.00","0.00","Payments","0.00","0.00","Credits","0.00","0.00","Write Offs","0.00","0.00","Refunds","0.00","0.00","Transfers","0.00","0.00"
"West.Bridgewater","Invoice Charges","0.00","0.00","Payments","0.00","0.00","Credits","0.00","0.00","Write Offs","0.00","0.00","Refunds","0.00","0.00","Transfers","0.00","0.00"
"West.Brookfield","Invoice Charges","0.00","0.00","Payments","0.00","0.00","Credits","0.00","0.00","Write Offs","0.00","0.00","Refunds","0.00","0.00","Transfers","0.00","0.00"
"West.Newbury","Invoice Charges","0.00","0.00","Payments","0.00","0.00","Credits","0.00","0.00","Write Offs","0.00","0.00","Refunds","0.00","0.00","Transfers","0.00","0.00"
"West.Springfield","Invoice Charges","0.00","0.00","Payments","0.00","0.00","Credits","0.00","0.00","Write Offs","0.00","0.00","Refunds","0.00","0.00","Transfers","0.00","0.00"
"West.Stockbridge","Invoice Charges","0.00","0.00","Payments","0.00","0.00","Credits","0.00","0.00","Write Offs","0.00","0.00","Refunds","0.00","0.00","Transfers","0.00","0.00"
"West.Tisbury","Invoice Charges","0.00","0.00","Payments","0.00","0.00","Credits","0.00","0.00","Write Offs","0.00","0.00","Refunds","0.00","0.00","Transfers","0.00","0.00"
"Westborough","Invoice Charges","0.00","0.00","Payments","0.00","0.00","Credits","0.00","0.00","Write Offs","0.00","0.00","Refunds","0.00","0.00","Transfers","0.00","0.00"
"Westfield","Invoice Charges","0.00","0.00","Payments","0.00","0.00","Credits","0.00","0.00","Write Offs","0.00","0.00","Refunds","0.00","0.00","Transfers","0.00","0.00"
"Westford","Invoice Charges","0.00","0.00","Payments","0.00","0.00","Credits","0.00","0.00","Write Offs","0.00","0.00","Refunds","0.00","0.00","Transfers","0.00","0.00"
"Westhampton","Invoice Charges","0.00","0.00","Payments","0.00","0.00","Credits","0.00","0.00","Write Offs","0.00","0.00","Refunds","0.00","0.00","Transfers","0.00","0.00"
"Westminster","Invoice Charges","0.00","0.00","Payments","0.00","0.00","Credits","0.00","0.00","Write Offs","0.00","0.00","Refunds","0.00","0.00","Transfers","0.00","0.00"
"Weston","Invoice Charges","0.00","0.00","Payments","0.00","0.00","Credits","0.00","0.00","Write Offs","0.00","0.00","Refunds","0.00","0.00","Transfers","0.00","0.00"
"Westport","Invoice Charges","0.00","0.00","Payments","0.00","0.00","Credits","0.00","0.00","Write Offs","0.00","0.00","Refunds","0.00","0.00","Transfers","0.00","0.00"
"Westwood","Invoice Charges","0.00","0.00","Payments","0.00","0.00","Credits","0.00","0.00","Write Offs","0.00","0.00","Refunds","0.00","0.00","Transfers","0.00","0.00"
"Weymouth","Invoice Charges","0.00","0.00","Payments","0.00","0.00","Credits","0.00","0.00","Write Offs","0.00","0.00","Refunds","0.00","0.00","Transfers","0.00","0.00"
"Whately","Invoice Charges","0.00","0.00","Payments","0.00","0.00","Credits","0.00","0.00","Write Offs","0.00","0.00","Refunds","0.00","0.00","Transfers","0.00","0.00"
"Whitman","Invoice Charges","0.00","0.00","Payments","0.00","0.00","Credits","0.00","0.00","Write Offs","0.00","0.00","Refunds","0.00","0.00","Transfers","0.00","0.00"
"Wilbraham","Invoice Charges","0.00","0.00","Payments","0.00","0.00","Credits","0.00","0.00","Write Offs","0.00","0.00","Refunds","0.00","0.00","Transfers","0.00","0.00"
"Williamsburg","Invoice Charges","0.00","0.00","Payments","0.00","0.00","Credits","0.00","0.00","Write Offs","0.00","0.00","Refunds","0.00","0.00","Transfers","0.00","0.00"
"Williamstown","Invoice Charges","0.00","0.00","Payments","0.00","0.00","Credits","0.00","0.00","Write Offs","0.00","0.00","Refunds","0.00","0.00","Transfers","0.00","0.00"
"Wilmington","Invoice Charges","0.00","0.00","Payments","0.00","0.00","Credits","0.00","0.00","Write Offs","0.00","0.00","Refunds","0.00","0.00","Transfers","0.00","0.00"
"Winchendon","Invoice Charges","0.00","0.00","Payments","0.00","0.00","Credits","0.00","0.00","Write Offs","0.00","0.00","Refunds","0.00","0.00","Transfers","0.00","0.00"
"Winchester","Invoice Charges","0.00","0.00","Payments","0.00","0.00","Credits","0.00","0.00","Write Offs","0.00","0.00","Refunds","0.00","0.00","Transfers","0.00","0.00"
"Windsor","Invoice Charges","0.00","0.00","Payments","0.00","0.00","Credits","0.00","0.00","Write Offs","0.00","0.00","Refunds","0.00","0.00","Transfers","0.00","0.00"
"Winthrop","Invoice Charges","0.00","0.00","Payments","0.00","0.00","Credits","0.00","0.00","Write Offs","0.00","0.00","Refunds","0.00","0.00","Transfers","0.00","0.00"
"Woburn","Invoice Charges","0.00","0.00","Payments","0.00","0.00","Credits","0.00","0.00","Write Offs","0.00","0.00","Refunds","0.00","0.00","Transfers","0.00","0.00"
"Worcester","Invoice Charges","0.00","0.00","Payments","0.00","0.00","Credits","0.00","0.00","Write Offs","0.00","0.00","Refunds","0.00","0.00","Transfers","0.00","0.00"
"Worthington","Invoice Charges","0.00","0.00","Payments","0.00","0.00","Credits","0.00","0.00","Write Offs","0.00","0.00","Refunds","0.00","0.00","Transfers","0.00","0.00"
"Wrentham","Invoice Charges","0.00","0.00","Payments","0.00","0.00","Credits","0.00","0.00","Write Offs","0.00","0.00","Refunds","0.00","0.00","Transfers","0.00","0.00"
"Yarmouth","Invoice Charges","0.00","0.00","Payments","0.00","0.00","Credits","0.00","0.00","Write Offs","0.00","0.00","Refunds","0.00","0.00","Transfers","0.00","0.00"
